OrderId,OrderQuantity,ExpectedDays,ActualDays,Status
0,936,9,9,1
1,638,7,7,1
2,213,4,4,1
3,422,5,5,1
4,992,7,7,1
5,316,3,4,0
6,388,3,3,1
7,620,9,9,1
8,241,5,5,1
9,550,9,9,1
10,523,9,9,1
11,579,8,8,1
12,349,5,5,1
13,696,7,7,1
14,769,9,9,1
15,753,10,12,0
16,380,4,7,0
17,547,6,6,1
18,973,7,7,1
19,686,6,6,1
20,117,4,4,1
21,681,9,9,1
22,573,10,12,0
23,986,8,8,1
24,162,5,10,0
25,814,9,9,1
26,387,5,5,1
27,708,10,10,1
28,996,6,6,1
29,634,8,8,1
30,434,4,4,1
31,905,7,7,1
32,383,5,5,1
33,540,10,10,1
34,178,4,4,1
35,714,9,9,1
36,326,3,3,1
37,176,3,3,1
38,919,7,7,1
39,592,6,6,1
40,480,5,5,1
41,972,6,10,0
42,871,8,8,1
43,735,9,9,1
44,471,5,5,1
45,997,7,7,1
46,820,9,9,1
47,169,5,5,1
48,216,3,3,1
49,550,7,7,1
50,491,4,4,1
51,121,3,3,1
52,131,4,4,1
53,328,5,5,1
54,327,3,7,0
55,354,5,6,0
56,410,5,5,1
57,690,9,9,1
58,227,4,4,1
59,577,7,7,1
60,925,10,10,1
61,923,10,10,1
62,269,5,7,0
63,586,6,6,1
64,840,9,9,1
65,189,3,3,1
66,791,10,10,1
67,658,6,6,1
68,623,6,6,1
69,723,10,10,1
70,744,9,9,1
71,280,4,4,1
72,189,4,7,0
73,162,3,3,1
74,643,7,7,1
75,390,3,5,0
76,635,10,10,1
77,104,5,5,1
78,1001,10,10,1
79,960,8,8,1
80,383,5,5,1
81,931,8,8,1
82,453,4,4,1
83,844,10,12,0
84,826,6,6,1
85,280,5,5,1
86,494,3,7,0
87,871,10,10,1
88,292,3,3,1
89,840,6,6,1
90,990,10,10,1
91,645,7,7,1
92,349,5,5,1
93,465,3,8,0
94,379,3,3,1
95,819,7,9,0
96,223,4,4,1
97,424,3,3,1
98,294,5,6,0
99,472,3,7,0
100,438,3,3,1
101,369,4,4,1
102,560,6,6,1
103,661,7,7,1
104,820,6,6,1
105,751,7,7,1
106,641,7,7,1
107,364,4,4,1
108,101,5,5,1
109,899,9,9,1
110,143,4,4,1
111,817,8,13,0
112,434,4,4,1
113,210,5,5,1
114,819,7,7,1
115,559,6,6,1
116,158,3,3,1
117,472,4,6,0
118,106,5,5,1
119,772,9,9,1
120,923,10,10,1
121,580,6,6,1
122,269,5,5,1
123,1000,7,12,0
124,461,5,5,1
125,932,8,8,1
126,338,4,4,1
127,127,5,5,1
128,930,7,7,1
129,227,4,4,1
130,484,4,4,1
131,620,6,6,1
132,323,3,3,1
133,555,9,9,1
134,888,8,8,1
135,312,3,5,0
136,857,9,9,1
137,604,9,9,1
138,166,5,5,1
139,543,8,8,1
140,756,10,10,1
141,560,10,10,1
142,672,10,10,1
143,508,6,6,1
144,493,3,3,1
145,438,5,7,0
146,417,5,5,1
147,406,5,5,1
148,304,4,4,1
149,199,5,8,0
150,902,8,8,1
151,355,4,4,1
152,626,8,8,1
153,134,5,5,1
154,380,5,5,1
155,412,4,4,1
156,651,8,8,1
157,448,4,4,1
158,546,10,10,1
159,691,6,6,1
160,659,8,11,0
161,162,4,4,1
162,490,4,4,1
163,591,10,11,0
164,714,9,9,1
165,287,5,5,1
166,771,10,10,1
167,333,5,5,1
168,521,9,9,1
169,507,7,7,1
170,542,10,13,0
171,675,9,11,0
172,631,6,6,1
173,983,7,7,1
174,345,5,5,1
175,589,6,6,1
176,842,10,12,0
177,704,6,6,1
178,147,4,8,0
179,311,3,3,1
180,388,4,4,1
181,964,7,7,1
182,758,6,6,1
183,267,5,5,1
184,128,4,4,1
185,568,9,9,1
186,805,9,9,1
187,190,3,3,1
188,641,6,9,0
189,198,5,5,1
190,206,4,4,1
191,243,5,5,1
192,506,8,11,0
193,317,4,4,1
194,441,4,4,1
195,773,9,12,0
196,514,9,12,0
197,511,7,7,1
198,555,8,8,1
199,593,6,8,0
200,770,8,8,1
201,913,10,12,0
202,185,4,4,1
203,633,8,10,0
204,445,5,9,0
205,440,3,3,1
206,318,5,5,1
207,998,10,10,1
208,793,10,10,1
209,376,4,4,1
210,416,5,5,1
211,708,6,6,1
212,253,5,5,1
213,275,4,4,1
214,641,10,10,1
215,372,3,6,0
216,924,9,9,1
217,119,4,4,1
218,460,4,4,1
219,616,6,6,1
220,598,10,13,0
221,701,10,10,1
222,429,5,9,0
223,608,6,6,1
224,948,10,10,1
225,753,9,9,1
226,759,8,8,1
227,547,10,10,1
228,875,10,10,1
229,456,3,3,1
230,286,4,4,1
231,616,6,6,1
232,699,6,6,1
233,188,5,9,0
234,206,5,7,0
235,335,5,5,1
236,729,7,8,0
237,595,6,11,0
238,463,4,4,1
239,381,4,4,1
240,157,3,3,1
241,985,8,12,0
242,254,3,3,1
243,949,9,9,1
244,795,8,8,1
245,130,4,4,1
246,714,6,7,0
247,262,4,4,1
248,420,4,7,0
249,114,5,5,1
250,973,10,15,0
251,137,3,3,1
252,178,5,5,1
253,350,3,3,1
254,802,6,6,1
255,397,5,10,0
256,487,5,5,1
257,726,10,10,1
258,409,3,3,1
259,500,3,3,1
260,902,10,10,1
261,561,7,7,1
262,928,7,7,1
263,135,3,3,1
264,415,5,5,1
265,820,6,6,1
266,528,8,8,1
267,661,7,7,1
268,688,10,13,0
269,497,3,3,1
270,318,3,3,1
271,683,6,6,1
272,195,4,4,1
273,714,10,10,1
274,683,9,9,1
275,944,8,8,1
276,753,10,10,1
277,350,4,4,1
278,354,4,4,1
279,799,6,6,1
280,255,5,7,0
281,185,3,3,1
282,120,3,3,1
283,450,3,3,1
284,192,5,5,1
285,427,4,4,1
286,969,9,9,1
287,191,3,5,0
288,616,8,8,1
289,773,7,7,1
290,301,3,3,1
291,728,8,8,1
292,498,3,3,1
293,334,4,4,1
294,967,9,9,1
295,738,6,11,0
296,523,9,9,1
297,359,5,9,0
298,401,5,5,1
299,536,6,6,1
300,543,6,6,1
301,467,4,4,1
302,231,3,3,1
303,166,5,9,0
304,675,9,13,0
305,989,10,10,1
306,124,3,8,0
307,791,8,8,1
308,358,4,4,1
309,484,3,3,1
310,991,7,7,1
311,776,9,9,1
312,605,7,7,1
313,889,6,6,1
314,204,4,4,1
315,835,8,12,0
316,454,5,5,1
317,880,6,6,1
318,596,9,9,1
319,756,8,8,1
320,872,6,11,0
321,851,7,7,1
322,643,9,10,0
323,479,4,4,1
324,433,5,6,0
325,766,6,7,0
326,469,3,3,1
327,739,7,7,1
328,250,4,6,0
329,629,6,8,0
330,446,3,3,1
331,498,4,4,1
332,141,5,5,1
333,299,3,3,1
334,733,10,10,1
335,444,3,3,1
336,353,4,4,1
337,658,7,7,1
338,120,4,4,1
339,112,5,5,1
340,192,3,3,1
341,247,3,3,1
342,137,3,3,1
343,522,9,9,1
344,383,3,3,1
345,970,7,7,1
346,100,5,5,1
347,625,8,8,1
348,901,10,10,1
349,623,8,8,1
350,272,3,3,1
351,595,6,6,1
352,532,7,7,1
353,733,10,10,1
354,599,10,11,0
355,626,6,6,1
356,951,7,7,1
357,564,9,9,1
358,423,4,4,1
359,280,4,4,1
360,752,9,11,0
361,589,7,7,1
362,321,5,5,1
363,320,3,3,1
364,840,9,9,1
365,187,4,6,0
366,143,3,3,1
367,173,5,6,0
368,459,5,5,1
369,526,8,8,1
370,764,6,6,1
371,877,10,10,1
372,919,10,10,1
373,927,8,8,1
374,787,10,13,0
375,474,3,3,1
376,702,7,7,1
377,621,6,9,0
378,545,7,7,1
379,295,3,3,1
380,281,3,3,1
381,193,4,4,1
382,147,5,7,0
383,871,10,10,1
384,307,3,3,1
385,492,3,3,1
386,370,4,4,1
387,494,4,4,1
388,407,3,3,1
389,842,7,7,1
390,509,9,9,1
391,631,10,10,1
392,511,7,7,1
393,435,4,4,1
394,395,4,4,1
395,693,10,10,1
396,257,5,5,1
397,611,10,10,1
398,974,6,6,1
399,286,5,5,1
400,741,7,7,1
401,234,3,6,0
402,722,10,10,1
403,763,9,10,0
404,805,10,10,1
405,260,3,3,1
406,645,10,10,1
407,575,7,7,1
408,379,4,4,1
409,683,10,10,1
410,864,9,10,0
411,318,3,3,1
412,867,8,8,1
413,207,4,4,1
414,389,3,3,1
415,304,5,5,1
416,964,10,10,1
417,274,3,3,1
418,183,3,3,1
419,647,9,9,1
420,608,10,10,1
421,252,5,5,1
422,985,10,10,1
423,592,6,6,1
424,327,3,3,1
425,673,7,7,1
426,784,6,11,0
427,580,6,6,1
428,613,9,9,1
429,773,7,7,1
430,862,6,7,0
431,918,10,10,1
432,423,4,4,1
433,975,10,10,1
434,927,8,8,1
435,336,4,4,1
436,972,8,13,0
437,631,9,9,1
438,116,5,5,1
439,839,9,9,1
440,360,4,4,1
441,944,8,13,0
442,461,5,5,1
443,393,5,5,1
444,996,7,7,1
445,832,8,8,1
446,270,3,3,1
447,337,3,3,1
448,157,4,4,1
449,148,5,5,1
450,830,8,8,1
451,266,5,5,1
452,284,3,3,1
453,876,9,14,0
454,975,9,9,1
455,721,7,7,1
456,428,3,3,1
457,967,8,8,1
458,990,10,13,0
459,464,4,4,1
460,373,3,3,1
461,569,8,8,1
462,713,6,6,1
463,684,7,7,1
464,791,9,9,1
465,834,9,9,1
466,757,7,7,1
467,475,4,4,1
468,713,7,7,1
469,711,8,8,1
470,225,4,4,1
471,500,5,5,1
472,115,4,4,1
473,616,10,10,1
474,202,3,3,1
475,566,9,9,1
476,272,5,5,1
477,824,8,8,1
478,297,4,4,1
479,305,4,4,1
480,450,4,4,1
481,952,7,7,1
482,570,7,7,1
483,757,9,9,1
484,327,3,3,1
485,358,3,3,1
486,744,7,7,1
487,403,5,9,0
488,404,3,3,1
489,343,3,3,1
490,669,8,8,1
491,946,7,7,1
492,785,10,12,0
493,866,6,6,1
494,731,8,8,1
495,456,3,3,1
496,536,8,8,1
497,370,5,5,1
498,304,3,3,1
499,583,6,6,1
500,625,6,6,1
501,951,7,7,1
502,602,10,10,1
503,975,9,9,1
504,391,4,4,1
505,647,8,10,0
506,532,7,12,0
507,503,10,10,1
508,926,10,10,1
509,978,8,9,0
510,515,7,7,1
511,523,8,11,0
512,556,10,10,1
513,872,9,9,1
514,437,3,3,1
515,457,3,3,1
516,951,8,8,1
517,387,4,4,1
518,714,10,10,1
519,360,5,5,1
520,228,4,4,1
521,778,6,6,1
522,199,5,5,1
523,240,5,5,1
524,150,3,3,1
525,180,3,4,0
526,809,10,10,1
527,154,3,3,1
528,735,9,9,1
529,223,5,5,1
530,600,8,9,0
531,488,4,6,0
532,171,3,5,0
533,151,4,4,1
534,201,3,3,1
535,331,4,4,1
536,180,5,5,1
537,401,4,4,1
538,338,4,5,0
539,721,8,8,1
540,769,9,9,1
541,697,10,10,1
542,659,6,6,1
543,116,4,4,1
544,224,4,4,1
545,418,5,5,1
546,461,4,9,0
547,818,10,10,1
548,877,6,6,1
549,526,7,7,1
550,724,10,10,1
551,442,3,3,1
552,409,3,3,1
553,243,3,3,1
554,774,7,7,1
555,470,4,4,1
556,830,10,10,1
557,215,5,5,1
558,774,8,9,0
559,322,4,4,1
560,514,8,13,0
561,534,9,9,1
562,739,6,8,0
563,444,3,3,1
564,719,9,9,1
565,350,4,4,1
566,636,6,6,1
567,382,3,3,1
568,649,8,8,1
569,228,3,3,1
570,323,3,3,1
571,770,6,6,1
572,799,8,8,1
573,855,7,7,1
574,955,8,8,1
575,259,5,5,1
576,487,5,5,1
577,147,3,3,1
578,798,9,12,0
579,634,8,8,1
580,346,5,5,1
581,618,6,6,1
582,284,3,3,1
583,786,10,10,1
584,452,3,3,1
585,709,6,6,1
586,193,4,4,1
587,363,3,3,1
588,552,8,8,1
589,612,6,7,0
590,416,3,3,1
591,501,10,10,1
592,635,9,9,1
593,285,3,3,1
594,540,9,9,1
595,409,3,3,1
596,595,6,6,1
597,571,9,9,1
598,578,6,6,1
599,770,10,10,1
600,264,4,7,0
601,787,7,7,1
602,523,9,9,1
603,511,9,9,1
604,560,7,7,1
605,981,8,9,0
606,254,4,4,1
607,957,10,10,1
608,167,5,7,0
609,930,9,9,1
610,662,8,8,1
611,592,8,8,1
612,837,10,10,1
613,236,3,3,1
614,561,10,11,0
615,637,6,6,1
616,954,6,6,1
617,714,7,7,1
618,166,5,5,1
619,485,3,3,1
620,474,4,9,0
621,495,3,3,1
622,523,9,10,0
623,163,5,5,1
624,905,8,10,0
625,217,3,3,1
626,528,10,10,1
627,255,3,3,1
628,296,4,6,0
629,171,5,7,0
630,310,5,5,1
631,206,3,3,1
632,908,10,10,1
633,906,8,8,1
634,363,4,4,1
635,453,3,3,1
636,568,6,6,1
637,784,8,8,1
638,726,6,6,1
639,134,5,5,1
640,262,5,5,1
641,842,9,9,1
642,844,6,6,1
643,548,10,13,0
644,283,5,5,1
645,415,3,3,1
646,573,8,8,1
647,692,9,9,1
648,878,8,8,1
649,591,7,12,0
650,679,10,10,1
651,246,3,3,1
652,611,9,9,1
653,424,4,4,1
654,176,5,5,1
655,138,4,4,1
656,160,3,3,1
657,471,4,4,1
658,196,3,3,1
659,871,8,9,0
660,144,3,3,1
661,947,10,10,1
662,767,6,6,1
663,121,3,3,1
664,229,5,5,1
665,426,3,5,0
666,967,9,9,1
667,909,7,7,1
668,458,5,5,1
669,551,9,9,1
670,951,7,7,1
671,991,8,8,1
672,581,7,7,1
673,287,5,5,1
674,160,4,4,1
675,497,3,3,1
676,196,3,3,1
677,125,5,5,1
678,189,4,4,1
679,345,4,4,1
680,713,7,7,1
681,960,8,9,0
682,904,9,13,0
683,420,3,3,1
684,803,7,7,1
685,390,5,5,1
686,286,5,5,1
687,921,6,6,1
688,796,10,10,1
689,796,6,6,1
690,679,10,10,1
691,922,6,6,1
692,344,4,4,1
693,222,5,5,1
694,435,4,4,1
695,184,4,4,1
696,909,8,10,0
697,902,7,9,0
698,313,3,6,0
699,135,3,3,1
700,858,7,8,0
701,330,3,3,1
702,525,8,10,0
703,384,5,7,0
704,742,8,8,1
705,283,4,4,1
706,966,10,11,0
707,952,8,8,1
708,761,6,6,1
709,855,9,9,1
710,421,3,3,1
711,745,7,12,0
712,399,5,5,1
713,343,5,8,0
714,804,6,6,1
715,436,4,9,0
716,247,4,4,1
717,861,10,10,1
718,956,9,14,0
719,831,10,10,1
720,280,4,4,1
721,384,3,3,1
722,857,8,8,1
723,772,9,9,1
724,369,5,5,1
725,100,3,4,0
726,352,5,5,1
727,105,4,4,1
728,570,6,6,1
729,819,9,9,1
730,948,7,7,1
731,874,7,12,0
732,206,5,8,0
733,467,5,5,1
734,426,4,6,0
735,260,4,4,1
736,820,9,9,1
737,188,3,3,1
738,761,10,10,1
739,550,6,11,0
740,112,5,5,1
741,638,9,12,0
742,658,10,15,0
743,638,6,6,1
744,842,10,10,1
745,577,7,7,1
746,506,8,8,1
747,430,4,6,0
748,921,9,12,0
749,701,7,7,1
750,136,4,4,1
751,990,8,9,0
752,512,10,10,1
753,316,5,5,1
754,335,5,5,1
755,372,5,5,1
756,828,7,7,1
757,831,9,9,1
758,814,8,8,1
759,634,10,10,1
760,183,3,3,1
761,329,5,10,0
762,139,4,4,1
763,290,4,6,0
764,513,8,8,1
765,544,10,15,0
766,797,8,9,0
767,786,8,10,0
768,780,8,8,1
769,586,9,9,1
770,217,5,5,1
771,767,10,15,0
772,578,10,10,1
773,819,9,9,1
774,611,10,10,1
775,112,3,3,1
776,609,6,6,1
777,127,3,3,1
778,456,4,4,1
779,110,4,4,1
780,844,10,10,1
781,265,3,3,1
782,809,6,6,1
783,670,7,7,1
784,954,10,10,1
785,778,10,12,0
786,863,9,9,1
787,784,8,8,1
788,656,8,8,1
789,905,9,9,1
790,289,5,5,1
791,495,3,3,1
792,623,6,6,1
793,927,9,9,1
794,493,4,4,1
795,471,4,4,1
796,267,3,3,1
797,799,8,12,0
798,813,10,10,1
799,169,5,5,1
800,116,5,5,1
801,798,8,11,0
802,235,4,4,1
803,809,10,10,1
804,965,8,8,1
805,304,3,3,1
806,164,4,4,1
807,145,4,4,1
808,304,3,3,1
809,881,8,8,1
810,746,8,8,1
811,971,9,12,0
812,399,4,4,1
813,578,7,7,1
814,237,4,4,1
815,353,5,6,0
816,833,10,10,1
817,437,3,8,0
818,122,3,3,1
819,389,5,5,1
820,232,4,4,1
821,946,8,8,1
822,162,3,3,1
823,270,5,5,1
824,696,7,7,1
825,604,7,7,1
826,938,6,6,1
827,135,4,4,1
828,706,7,7,1
829,359,3,3,1
830,444,3,3,1
831,250,5,8,0
832,205,3,3,1
833,335,3,3,1
834,884,7,7,1
835,711,10,10,1
836,455,3,3,1
837,999,6,6,1
838,413,5,5,1
839,285,3,3,1
840,475,5,5,1
841,535,7,7,1
842,174,4,4,1
843,340,5,5,1
844,825,6,6,1
845,382,3,3,1
846,851,8,8,1
847,678,10,10,1
848,594,9,9,1
849,607,9,9,1
850,427,5,5,1
851,124,5,5,1
852,992,10,10,1
853,741,10,10,1
854,950,7,7,1
855,793,9,9,1
856,498,4,5,0
857,781,9,9,1
858,985,10,10,1
859,188,4,4,1
860,446,4,4,1
861,458,5,5,1
862,445,3,3,1
863,167,5,5,1
864,208,4,4,1
865,465,4,4,1
866,651,8,8,1
867,564,10,10,1
868,281,3,3,1
869,346,3,3,1
870,506,7,7,1
871,971,6,6,1
872,287,5,5,1
873,994,8,8,1
874,929,10,13,0
875,310,4,4,1
876,802,6,6,1
877,400,3,3,1
878,196,4,7,0
879,693,6,6,1
880,327,5,5,1
881,836,8,8,1
882,240,4,4,1
883,136,5,5,1
884,388,4,4,1
885,738,6,8,0
886,717,7,7,1
887,812,8,8,1
888,887,10,10,1
889,977,6,6,1
890,185,5,5,1
891,290,3,5,0
892,807,7,7,1
893,155,3,3,1
894,441,3,6,0
895,539,6,6,1
896,227,3,3,1
897,315,3,3,1
898,935,6,6,1
899,279,5,5,1
900,853,9,9,1
901,293,4,4,1
902,515,7,7,1
903,909,6,6,1
904,844,10,10,1
905,472,3,3,1
906,947,6,8,0
907,464,3,3,1
908,800,9,9,1
909,697,9,9,1
910,662,7,7,1
911,315,3,3,1
912,454,5,5,1
913,917,8,8,1
914,135,4,7,0
915,380,5,5,1
916,449,3,5,0
917,627,6,6,1
918,939,10,10,1
919,328,3,6,0
920,105,4,4,1
921,249,4,4,1
922,262,3,8,0
923,937,8,8,1
924,814,10,10,1
925,289,5,5,1
926,811,8,8,1
927,182,4,6,0
928,568,10,10,1
929,765,7,7,1
930,518,6,10,0
931,543,7,8,0
932,170,4,4,1
933,329,5,10,0
934,998,6,7,0
935,557,10,13,0
936,247,3,5,0
937,456,5,8,0
938,891,9,11,0
939,149,3,3,1
940,982,7,7,1
941,361,3,3,1
942,598,7,7,1
943,114,4,4,1
944,338,4,4,1
945,972,9,9,1
946,704,10,10,1
947,171,4,4,1
948,989,10,10,1
949,401,4,4,1
950,956,7,7,1
951,810,9,9,1
952,739,10,10,1
953,173,3,3,1
954,859,9,9,1
955,225,4,4,1
956,101,5,5,1
957,466,4,4,1
958,377,3,3,1
959,578,6,6,1
960,122,3,3,1
961,231,4,4,1
962,903,10,10,1
963,620,7,7,1
964,540,9,9,1
965,662,9,9,1
966,991,8,8,1
967,349,3,3,1
968,944,9,13,0
969,202,4,4,1
970,239,3,3,1
971,595,7,7,1
972,848,7,7,1
973,989,10,10,1
974,199,5,5,1
975,772,10,15,0
976,804,10,10,1
977,448,5,5,1
978,207,3,3,1
979,796,7,8,0
980,664,9,9,1
981,924,9,9,1
982,261,3,3,1
983,437,5,5,1
984,217,3,3,1
985,763,8,8,1
986,957,8,8,1
987,285,5,5,1
988,282,3,3,1
989,573,6,6,1
990,784,8,8,1
991,108,3,3,1
992,696,6,6,1
993,676,6,6,1
994,202,5,5,1
995,452,5,5,1
996,862,6,6,1
997,974,10,10,1
998,521,10,10,1
999,527,6,6,1
1000,657,10,10,1
1001,282,5,5,1
1002,211,5,5,1
1003,676,7,7,1
1004,650,10,10,1
1005,916,10,11,0
1006,811,6,6,1
1007,388,5,5,1
1008,264,4,4,1
1009,859,10,10,1
1010,643,9,9,1
1011,716,6,6,1
1012,346,4,5,0
1013,748,8,8,1
1014,544,10,10,1
1015,651,6,6,1
1016,864,7,7,1
1017,628,6,6,1
1018,650,7,7,1
1019,947,7,7,1
1020,438,3,3,1
1021,943,10,10,1
1022,454,3,3,1
1023,447,4,4,1
1024,924,10,10,1
1025,663,10,10,1
1026,502,9,10,0
1027,385,3,3,1
1028,110,4,4,1
1029,712,6,6,1
1030,637,10,10,1
1031,495,3,3,1
1032,719,6,6,1
1033,820,10,10,1
1034,350,4,4,1
1035,117,3,3,1
1036,980,7,7,1
1037,852,9,9,1
1038,563,10,10,1
1039,383,5,5,1
1040,559,7,7,1
1041,429,4,4,1
1042,817,8,8,1
1043,791,6,6,1
1044,679,10,10,1
1045,147,3,3,1
1046,274,3,3,1
1047,868,7,7,1
1048,658,6,7,0
1049,277,4,4,1
1050,350,4,8,0
1051,746,6,9,0
1052,686,9,9,1
1053,776,10,10,1
1054,688,9,9,1
1055,986,6,6,1
1056,852,9,9,1
1057,791,6,6,1
1058,367,3,3,1
1059,876,7,7,1
1060,763,6,6,1
1061,295,5,5,1
1062,322,4,4,1
1063,580,8,10,0
1064,352,3,8,0
1065,101,5,5,1
1066,937,9,9,1
1067,191,5,5,1
1068,705,9,9,1
1069,466,5,9,0
1070,588,7,7,1
1071,884,6,6,1
1072,769,9,9,1
1073,173,3,7,0
1074,765,6,10,0
1075,306,5,5,1
1076,843,7,7,1
1077,218,5,10,0
1078,487,4,8,0
1079,897,8,8,1
1080,876,7,12,0
1081,731,7,7,1
1082,841,10,11,0
1083,547,7,7,1
1084,218,4,4,1
1085,913,6,6,1
1086,221,3,3,1
1087,579,8,13,0
1088,259,3,3,1
1089,761,8,9,0
1090,475,5,5,1
1091,174,4,4,1
1092,514,10,10,1
1093,475,5,5,1
1094,162,3,3,1
1095,162,5,5,1
1096,763,6,6,1
1097,697,8,8,1
1098,736,7,7,1
1099,958,7,7,1
1100,476,4,4,1
1101,771,9,9,1
1102,254,4,4,1
1103,517,8,8,1
1104,618,8,8,1
1105,520,6,6,1
1106,624,7,7,1
1107,454,3,3,1
1108,899,6,6,1
1109,537,6,6,1
1110,132,5,5,1
1111,355,4,5,0
1112,240,4,8,0
1113,504,10,10,1
1114,634,9,9,1
1115,467,5,5,1
1116,194,3,3,1
1117,286,4,4,1
1118,385,3,3,1
1119,286,5,5,1
1120,289,3,3,1
1121,177,5,5,1
1122,114,4,4,1
1123,216,3,3,1
1124,541,9,12,0
1125,674,10,14,0
1126,833,7,10,0
1127,632,9,9,1
1128,791,10,10,1
1129,983,8,8,1
1130,564,8,8,1
1131,107,5,5,1
1132,278,5,5,1
1133,334,4,4,1
1134,253,5,5,1
1135,912,7,7,1
1136,517,10,10,1
1137,725,10,13,0
1138,613,7,7,1
1139,636,8,12,0
1140,206,5,6,0
1141,814,8,8,1
1142,417,3,3,1
1143,314,4,4,1
1144,653,10,14,0
1145,924,7,7,1
1146,811,9,9,1
1147,168,5,9,0
1148,182,3,3,1
1149,845,8,9,0
1150,416,4,9,0
1151,654,7,7,1
1152,370,5,5,1
1153,443,4,4,1
1154,340,4,4,1
1155,208,3,3,1
1156,597,9,9,1
1157,475,4,4,1
1158,961,7,7,1
1159,470,3,3,1
1160,537,10,10,1
1161,530,8,8,1
1162,507,6,6,1
1163,306,3,3,1
1164,902,9,9,1
1165,808,8,8,1
1166,685,8,8,1
1167,789,7,7,1
1168,527,6,9,0
1169,959,10,10,1
1170,738,9,9,1
1171,306,5,5,1
1172,732,10,10,1
1173,926,6,6,1
1174,619,9,9,1
1175,566,6,7,0
1176,339,3,3,1
1177,648,9,9,1
1178,783,10,10,1
1179,421,3,3,1
1180,830,8,8,1
1181,739,10,10,1
1182,867,6,6,1
1183,482,3,5,0
1184,921,9,9,1
1185,994,10,10,1
1186,939,7,7,1
1187,288,5,5,1
1188,797,6,6,1
1189,750,9,9,1
1190,190,3,8,0
1191,409,5,5,1
1192,651,9,10,0
1193,652,8,12,0
1194,296,3,3,1
1195,321,5,5,1
1196,275,5,5,1
1197,330,5,5,1
1198,397,5,9,0
1199,422,4,4,1
1200,844,6,6,1
1201,205,3,5,0
1202,141,3,3,1
1203,319,4,4,1
1204,532,8,8,1
1205,115,3,3,1
1206,268,4,4,1
1207,325,3,5,0
1208,317,5,9,0
1209,720,6,6,1
1210,199,4,4,1
1211,926,6,6,1
1212,215,3,3,1
1213,861,10,10,1
1214,132,5,6,0
1215,580,10,10,1
1216,653,7,7,1
1217,209,3,3,1
1218,772,7,7,1
1219,463,3,3,1
1220,246,3,3,1
1221,455,4,4,1
1222,274,3,3,1
1223,343,3,3,1
1224,941,9,9,1
1225,190,3,6,0
1226,128,3,3,1
1227,279,3,3,1
1228,858,8,8,1
1229,445,3,3,1
1230,910,8,10,0
1231,493,3,3,1
1232,665,7,7,1
1233,182,3,3,1
1234,402,4,4,1
1235,542,8,8,1
1236,137,3,3,1
1237,541,10,10,1
1238,743,9,9,1
1239,795,9,9,1
1240,688,10,10,1
1241,327,4,4,1
1242,272,4,4,1
1243,630,7,7,1
1244,864,6,10,0
1245,671,10,10,1
1246,969,9,9,1
1247,330,3,7,0
1248,713,6,10,0
1249,200,3,3,1
1250,420,3,3,1
1251,457,3,7,0
1252,810,8,8,1
1253,126,3,3,1
1254,903,6,6,1
1255,312,5,5,1
1256,225,3,3,1
1257,905,10,13,0
1258,878,8,8,1
1259,321,4,4,1
1260,523,9,12,0
1261,705,8,8,1
1262,508,6,6,1
1263,344,5,5,1
1264,239,3,3,1
1265,857,9,9,1
1266,214,4,4,1
1267,107,4,8,0
1268,972,8,8,1
1269,126,3,3,1
1270,282,5,5,1
1271,353,5,5,1
1272,589,6,6,1
1273,611,10,10,1
1274,640,10,10,1
1275,587,10,15,0
1276,779,8,8,1
1277,852,10,10,1
1278,878,7,7,1
1279,647,8,8,1
1280,693,7,7,1
1281,580,7,7,1
1282,996,7,7,1
1283,621,6,7,0
1284,811,7,7,1
1285,714,8,8,1
1286,876,7,7,1
1287,636,10,12,0
1288,418,3,3,1
1289,527,7,7,1
1290,457,5,5,1
1291,686,9,9,1
1292,269,3,3,1
1293,297,4,4,1
1294,142,5,6,0
1295,647,9,9,1
1296,441,5,5,1
1297,247,4,4,1
1298,883,10,10,1
1299,832,6,6,1
1300,558,6,6,1
1301,680,8,8,1
1302,108,5,5,1
1303,421,5,5,1
1304,382,4,4,1
1305,812,8,8,1
1306,294,4,4,1
1307,230,3,6,0
1308,858,9,9,1
1309,636,10,10,1
1310,897,7,7,1
1311,323,3,4,0
1312,469,4,4,1
1313,700,7,7,1
1314,927,10,14,0
1315,915,8,8,1
1316,248,3,3,1
1317,172,3,3,1
1318,943,7,7,1
1319,839,10,10,1
1320,913,10,10,1
1321,148,4,4,1
1322,994,8,8,1
1323,436,3,5,0
1324,143,5,5,1
1325,391,3,3,1
1326,614,8,12,0
1327,969,7,8,0
1328,698,10,10,1
1329,127,3,3,1
1330,920,7,7,1
1331,246,3,3,1
1332,589,7,12,0
1333,460,5,5,1
1334,117,4,4,1
1335,808,10,15,0
1336,879,10,12,0
1337,828,9,9,1
1338,150,3,3,1
1339,666,10,10,1
1340,758,8,8,1
1341,592,10,10,1
1342,153,5,9,0
1343,115,3,3,1
1344,280,5,5,1
1345,594,9,14,0
1346,645,7,7,1
1347,691,9,9,1
1348,511,10,10,1
1349,543,9,9,1
1350,334,4,4,1
1351,590,7,7,1
1352,587,6,6,1
1353,740,9,9,1
1354,246,3,3,1
1355,175,5,5,1
1356,896,8,8,1
1357,151,3,3,1
1358,716,7,7,1
1359,471,5,5,1
1360,243,5,5,1
1361,194,5,5,1
1362,630,7,7,1
1363,123,3,3,1
1364,105,4,4,1
1365,279,3,3,1
1366,293,4,4,1
1367,236,5,5,1
1368,397,3,5,0
1369,797,10,10,1
1370,277,4,8,0
1371,829,7,11,0
1372,321,5,8,0
1373,292,4,4,1
1374,365,4,4,1
1375,764,6,6,1
1376,942,10,10,1
1377,471,3,3,1
1378,998,10,10,1
1379,991,7,7,1
1380,492,3,3,1
1381,559,6,6,1
1382,202,5,5,1
1383,669,10,10,1
1384,223,3,3,1
1385,510,8,8,1
1386,201,3,3,1
1387,817,6,9,0
1388,564,6,6,1
1389,212,5,6,0
1390,758,8,8,1
1391,212,3,3,1
1392,895,10,10,1
1393,884,7,7,1
1394,673,10,10,1
1395,901,6,9,0
1396,585,7,7,1
1397,198,5,5,1
1398,741,9,13,0
1399,840,9,9,1
1400,477,5,5,1
1401,236,5,5,1
1402,297,5,5,1
1403,289,3,3,1
1404,917,9,9,1
1405,262,4,4,1
1406,200,5,5,1
1407,392,5,5,1
1408,191,3,3,1
1409,612,6,9,0
1410,444,4,4,1
1411,720,9,9,1
1412,798,6,6,1
1413,458,3,3,1
1414,674,9,9,1
1415,215,3,3,1
1416,641,6,6,1
1417,488,5,5,1
1418,518,7,7,1
1419,613,6,9,0
1420,880,7,7,1
1421,822,10,10,1
1422,386,3,3,1
1423,840,9,9,1
1424,737,8,8,1
1425,866,9,9,1
1426,988,8,8,1
1427,485,4,9,0
1428,293,4,4,1
1429,784,6,6,1
1430,586,10,10,1
1431,305,3,3,1
1432,473,3,3,1
1433,182,3,3,1
1434,153,3,3,1
1435,973,10,10,1
1436,627,9,9,1
1437,128,5,5,1
1438,812,10,10,1
1439,289,5,5,1
1440,686,8,8,1
1441,916,6,6,1
1442,275,4,4,1
1443,810,7,7,1
1444,878,6,6,1
1445,216,3,3,1
1446,780,8,12,0
1447,246,5,9,0
1448,981,9,9,1
1449,992,8,8,1
1450,803,7,7,1
1451,475,5,5,1
1452,207,5,5,1
1453,437,5,5,1
1454,988,9,12,0
1455,893,7,7,1
1456,434,4,4,1
1457,849,10,10,1
1458,702,6,10,0
1459,763,6,6,1
1460,301,5,9,0
1461,428,3,3,1
1462,827,8,8,1
1463,843,6,8,0
1464,727,6,8,0
1465,695,6,6,1
1466,412,4,4,1
1467,601,8,8,1
1468,731,6,6,1
1469,474,3,3,1
1470,545,7,7,1
1471,968,7,7,1
1472,245,3,3,1
1473,479,5,5,1
1474,934,9,9,1
1475,551,9,9,1
1476,989,8,8,1
1477,118,5,9,0
1478,965,8,8,1
1479,558,6,6,1
1480,533,7,7,1
1481,245,3,3,1
1482,232,4,4,1
1483,504,8,8,1
1484,531,9,13,0
1485,257,5,5,1
1486,220,3,3,1
1487,273,5,5,1
1488,869,7,7,1
1489,650,9,9,1
1490,294,5,5,1
1491,508,10,10,1
1492,802,10,10,1
1493,697,8,8,1
1494,668,10,11,0
1495,472,3,3,1
1496,758,8,8,1
1497,578,8,8,1
1498,972,9,10,0
1499,1000,6,6,1
1500,418,5,5,1
1501,143,3,8,0
1502,298,5,5,1
1503,851,7,7,1
1504,295,5,5,1
1505,476,5,5,1
1506,683,6,6,1
1507,659,7,7,1
1508,308,3,7,0
1509,220,3,3,1
1510,100,3,3,1
1511,527,8,8,1
1512,967,7,7,1
1513,274,3,3,1
1514,452,3,3,1
1515,680,6,9,0
1516,951,8,13,0
1517,915,9,9,1
1518,513,6,6,1
1519,917,6,6,1
1520,389,4,4,1
1521,518,10,10,1
1522,650,10,10,1
1523,906,8,10,0
1524,982,8,8,1
1525,468,4,4,1
1526,756,8,8,1
1527,974,9,9,1
1528,720,10,10,1
1529,268,4,4,1
1530,209,5,5,1
1531,367,3,3,1
1532,812,8,11,0
1533,428,4,7,0
1534,459,5,5,1
1535,688,6,8,0
1536,856,8,8,1
1537,988,6,6,1
1538,627,8,8,1
1539,409,3,3,1
1540,706,8,8,1
1541,193,5,5,1
1542,502,6,11,0
1543,356,4,8,0
1544,772,6,6,1
1545,901,10,10,1
1546,855,10,10,1
1547,360,5,5,1
1548,260,5,5,1
1549,774,9,9,1
1550,221,5,5,1
1551,802,7,7,1
1552,893,7,7,1
1553,572,8,8,1
1554,165,3,3,1
1555,484,5,5,1
1556,967,9,11,0
1557,352,3,3,1
1558,876,7,7,1
1559,335,4,4,1
1560,482,5,5,1
1561,946,9,9,1
1562,784,10,10,1
1563,454,3,8,0
1564,320,4,4,1
1565,853,10,10,1
1566,465,4,4,1
1567,414,5,9,0
1568,304,3,3,1
1569,186,4,7,0
1570,735,7,7,1
1571,834,9,9,1
1572,773,9,9,1
1573,748,7,11,0
1574,279,4,5,0
1575,124,4,4,1
1576,299,4,4,1
1577,692,10,10,1
1578,811,7,7,1
1579,435,3,3,1
1580,739,7,7,1
1581,605,10,11,0
1582,776,10,10,1
1583,505,10,10,1
1584,719,6,9,0
1585,183,4,4,1
1586,657,6,6,1
1587,877,9,9,1
1588,815,8,8,1
1589,570,7,7,1
1590,392,4,4,1
1591,557,10,10,1
1592,454,5,5,1
1593,174,4,4,1
1594,504,8,8,1
1595,119,4,4,1
1596,829,8,8,1
1597,137,3,3,1
1598,725,9,14,0
1599,835,9,11,0
1600,490,5,5,1
1601,534,8,8,1
1602,220,5,5,1
1603,239,3,3,1
1604,561,8,8,1
1605,279,4,4,1
1606,618,10,10,1
1607,748,10,11,0
1608,402,5,5,1
1609,110,4,4,1
1610,451,4,4,1
1611,475,4,4,1
1612,568,6,6,1
1613,285,3,8,0
1614,909,7,7,1
1615,420,3,6,0
1616,773,8,8,1
1617,106,4,4,1
1618,284,4,4,1
1619,837,9,9,1
1620,383,4,5,0
1621,569,9,9,1
1622,588,10,10,1
1623,994,10,10,1
1624,406,4,5,0
1625,164,3,7,0
1626,375,3,3,1
1627,359,4,4,1
1628,894,8,8,1
1629,200,3,3,1
1630,721,6,6,1
1631,338,3,3,1
1632,690,6,6,1
1633,989,9,9,1
1634,230,3,3,1
1635,890,9,9,1
1636,758,9,9,1
1637,668,8,8,1
1638,460,5,5,1
1639,545,10,10,1
1640,703,8,8,1
1641,356,5,5,1
1642,554,10,14,0
1643,859,10,10,1
1644,799,6,6,1
1645,311,5,6,0
1646,331,3,3,1
1647,364,3,6,0
1648,587,10,10,1
1649,426,3,3,1
1650,980,10,10,1
1651,669,6,6,1
1652,618,9,9,1
1653,690,6,6,1
1654,722,9,9,1
1655,324,3,3,1
1656,787,10,13,0
1657,598,6,6,1
1658,988,8,8,1
1659,681,8,8,1
1660,672,7,7,1
1661,772,6,6,1
1662,650,10,10,1
1663,982,10,10,1
1664,854,10,10,1
1665,963,8,8,1
1666,132,5,5,1
1667,155,5,9,0
1668,413,4,7,0
1669,875,9,9,1
1670,880,7,10,0
1671,862,8,13,0
1672,771,6,6,1
1673,446,5,5,1
1674,373,4,4,1
1675,753,10,10,1
1676,613,10,10,1
1677,235,4,4,1
1678,490,5,5,1
1679,796,10,10,1
1680,597,7,12,0
1681,531,6,6,1
1682,451,5,6,0
1683,385,5,5,1
1684,330,5,5,1
1685,750,8,8,1
1686,546,8,12,0
1687,531,6,6,1
1688,981,10,10,1
1689,153,5,5,1
1690,871,9,10,0
1691,939,7,7,1
1692,523,10,10,1
1693,317,4,4,1
1694,268,4,4,1
1695,891,7,7,1
1696,982,8,8,1
1697,140,3,3,1
1698,872,6,6,1
1699,423,3,3,1
1700,231,5,5,1
1701,884,7,11,0
1702,599,10,10,1
1703,721,10,10,1
1704,333,4,9,0
1705,867,10,10,1
1706,775,6,6,1
1707,655,10,10,1
1708,896,7,7,1
1709,108,5,5,1
1710,444,5,5,1
1711,866,10,10,1
1712,994,8,8,1
1713,304,3,3,1
1714,232,5,10,0
1715,859,9,9,1
1716,860,6,6,1
1717,213,5,5,1
1718,121,5,5,1
1719,899,9,14,0
1720,367,4,9,0
1721,217,3,3,1
1722,124,5,6,0
1723,465,5,5,1
1724,274,3,4,0
1725,505,7,7,1
1726,845,9,9,1
1727,207,4,4,1
1728,381,5,5,1
1729,673,9,10,0
1730,287,5,5,1
1731,358,3,3,1
1732,997,7,7,1
1733,699,7,7,1
1734,409,3,3,1
1735,365,3,3,1
1736,342,3,3,1
1737,836,6,6,1
1738,761,6,6,1
1739,141,5,5,1
1740,558,6,6,1
1741,434,5,5,1
1742,529,9,9,1
1743,921,10,10,1
1744,809,10,14,0
1745,479,4,4,1
1746,133,4,4,1
1747,939,7,7,1
1748,238,4,4,1
1749,948,8,8,1
1750,277,3,3,1
1751,475,5,5,1
1752,638,8,13,0
1753,782,9,9,1
1754,154,5,5,1
1755,282,5,5,1
1756,211,3,3,1
1757,754,9,13,0
1758,280,3,3,1
1759,483,3,3,1
1760,242,4,4,1
1761,157,5,5,1
1762,314,4,4,1
1763,391,4,4,1
1764,187,4,4,1
1765,836,10,11,0
1766,422,4,6,0
1767,152,4,8,0
1768,727,7,7,1
1769,290,4,4,1
1770,947,8,8,1
1771,869,10,10,1
1772,618,8,10,0
1773,917,9,12,0
1774,508,8,8,1
1775,838,6,6,1
1776,138,3,5,0
1777,911,9,11,0
1778,457,3,3,1
1779,234,5,5,1
1780,628,9,9,1
1781,121,4,4,1
1782,971,10,10,1
1783,115,5,5,1
1784,936,8,8,1
1785,185,3,3,1
1786,697,9,9,1
1787,701,10,13,0
1788,639,6,7,0
1789,556,6,6,1
1790,853,8,10,0
1791,866,7,7,1
1792,252,4,4,1
1793,138,3,6,0
1794,963,6,6,1
1795,165,5,5,1
1796,190,5,5,1
1797,799,6,6,1
1798,355,3,3,1
1799,978,8,8,1
1800,133,3,5,0
1801,399,3,3,1
1802,271,5,5,1
1803,483,5,9,0
1804,793,6,6,1
1805,794,7,7,1
1806,456,4,4,1
1807,212,5,5,1
1808,737,8,8,1
1809,245,4,4,1
1810,663,8,8,1
1811,110,3,3,1
1812,234,5,5,1
1813,532,7,7,1
1814,954,9,9,1
1815,870,9,11,0
1816,681,8,8,1
1817,222,4,4,1
1818,263,3,3,1
1819,932,10,13,0
1820,643,8,13,0
1821,934,7,7,1
1822,459,5,5,1
1823,301,4,4,1
1824,867,7,7,1
1825,946,7,11,0
1826,809,10,11,0
1827,717,10,10,1
1828,319,4,8,0
1829,312,3,3,1
1830,728,9,9,1
1831,277,3,3,1
1832,596,10,10,1
1833,550,8,8,1
1834,422,3,3,1
1835,215,3,3,1
1836,828,9,9,1
1837,428,4,4,1
1838,385,5,5,1
1839,722,9,12,0
1840,969,10,13,0
1841,197,3,3,1
1842,540,9,13,0
1843,786,7,7,1
1844,539,9,9,1
1845,739,7,7,1
1846,195,5,5,1
1847,513,10,10,1
1848,816,6,6,1
1849,271,4,4,1
1850,183,5,5,1
1851,373,4,4,1
1852,374,3,3,1
1853,553,10,10,1
1854,922,9,9,1
1855,608,9,9,1
1856,937,8,8,1
1857,396,3,3,1
1858,261,5,5,1
1859,352,5,5,1
1860,505,9,9,1
1861,231,4,4,1
1862,636,6,6,1
1863,512,9,9,1
1864,770,7,7,1
1865,123,4,4,1
1866,841,10,10,1
1867,321,5,5,1
1868,750,10,10,1
1869,560,6,6,1
1870,865,10,10,1
1871,306,4,4,1
1872,158,3,3,1
1873,578,7,7,1
1874,382,5,5,1
1875,758,6,6,1
1876,105,3,3,1
1877,649,7,7,1
1878,894,8,9,0
1879,359,4,4,1
1880,322,5,5,1
1881,409,5,5,1
1882,556,9,10,0
1883,657,9,9,1
1884,291,3,3,1
1885,872,7,7,1
1886,294,4,4,1
1887,888,6,6,1
1888,996,8,8,1
1889,653,8,13,0
1890,222,5,5,1
1891,410,3,3,1
1892,104,5,6,0
1893,741,6,6,1
1894,447,4,4,1
1895,638,6,6,1
1896,554,6,6,1
1897,170,5,8,0
1898,790,8,8,1
1899,712,7,7,1
1900,523,7,7,1
1901,881,9,9,1
1902,957,10,10,1
1903,160,4,4,1
1904,634,6,6,1
1905,190,3,3,1
1906,728,7,7,1
1907,418,3,3,1
1908,104,3,3,1
1909,790,7,12,0
1910,282,4,4,1
1911,448,4,4,1
1912,846,7,7,1
1913,418,4,4,1
1914,774,10,10,1
1915,528,6,11,0
1916,982,9,9,1
1917,509,9,9,1
1918,461,5,6,0
1919,608,6,9,0
1920,142,3,3,1
1921,580,9,10,0
1922,842,8,11,0
1923,184,5,5,1
1924,596,10,10,1
1925,935,10,10,1
1926,945,9,9,1
1927,347,3,3,1
1928,615,6,7,0
1929,120,5,10,0
1930,436,4,6,0
1931,498,4,6,0
1932,389,4,4,1
1933,919,6,6,1
1934,806,10,10,1
1935,834,9,9,1
1936,483,5,5,1
1937,317,4,4,1
1938,367,5,5,1
1939,668,7,7,1
1940,610,9,9,1
1941,991,6,6,1
1942,681,8,9,0
1943,199,5,5,1
1944,385,4,5,0
1945,994,8,11,0
1946,501,6,6,1
1947,198,4,4,1
1948,730,8,8,1
1949,161,3,3,1
1950,754,9,9,1
1951,973,8,8,1
1952,934,7,7,1
1953,262,3,3,1
1954,187,3,3,1
1955,461,3,3,1
1956,243,4,4,1
1957,498,3,3,1
1958,731,9,9,1
1959,224,3,3,1
1960,126,5,5,1
1961,575,9,9,1
1962,519,10,10,1
1963,131,4,4,1
1964,269,3,3,1
1965,434,3,3,1
1966,929,10,10,1
1967,766,6,6,1
1968,127,5,5,1
1969,598,7,7,1
1970,411,3,4,0
1971,636,9,13,0
1972,141,3,3,1
1973,316,4,7,0
1974,477,3,7,0
1975,837,9,9,1
1976,295,3,3,1
1977,399,3,3,1
1978,136,5,5,1
1979,667,8,8,1
1980,494,3,3,1
1981,975,6,6,1
1982,745,9,9,1
1983,849,9,9,1
1984,989,6,6,1
1985,863,10,10,1
1986,705,7,7,1
1987,957,8,8,1
1988,904,10,10,1
1989,335,3,4,0
1990,546,7,7,1
1991,573,6,6,1
1992,752,7,7,1
1993,892,9,9,1
1994,194,3,3,1
1995,335,4,4,1
1996,366,3,3,1
1997,725,6,6,1
1998,416,3,3,1
1999,783,6,6,1
2000,563,8,8,1
2001,436,3,3,1
2002,890,8,8,1
2003,985,7,7,1
2004,998,9,9,1
2005,930,9,9,1
2006,256,5,5,1
2007,326,3,3,1
2008,581,10,13,0
2009,197,5,5,1
2010,426,4,4,1
2011,490,4,4,1
2012,633,8,8,1
2013,239,4,4,1
2014,424,5,5,1
2015,960,7,7,1
2016,868,7,7,1
2017,160,5,5,1
2018,201,3,3,1
2019,494,4,4,1
2020,708,7,7,1
2021,622,7,7,1
2022,572,10,10,1
2023,521,7,7,1
2024,526,10,10,1
2025,814,7,7,1
2026,118,5,5,1
2027,581,8,8,1
2028,684,9,9,1
2029,778,10,10,1
2030,777,9,11,0
2031,315,3,7,0
2032,958,6,6,1
2033,771,9,9,1
2034,850,6,6,1
2035,273,4,4,1
2036,987,10,14,0
2037,558,8,8,1
2038,660,9,9,1
2039,396,4,6,0
2040,114,4,4,1
2041,232,5,5,1
2042,349,5,5,1
2043,524,8,8,1
2044,800,7,7,1
2045,535,6,6,1
2046,500,3,3,1
2047,573,7,7,1
2048,756,9,9,1
2049,751,6,6,1
2050,457,3,5,0
2051,134,5,5,1
2052,164,5,5,1
2053,511,10,10,1
2054,645,6,6,1
2055,701,6,6,1
2056,734,6,6,1
2057,413,4,7,0
2058,165,5,5,1
2059,751,8,8,1
2060,876,6,6,1
2061,572,6,9,0
2062,897,10,10,1
2063,585,8,8,1
2064,942,10,15,0
2065,953,6,6,1
2066,422,5,5,1
2067,759,9,12,0
2068,868,10,10,1
2069,302,3,3,1
2070,661,6,7,0
2071,219,5,5,1
2072,110,4,4,1
2073,435,3,3,1
2074,585,10,10,1
2075,774,6,9,0
2076,757,6,6,1
2077,512,8,12,0
2078,929,6,6,1
2079,232,4,4,1
2080,567,10,10,1
2081,705,8,8,1
2082,622,9,9,1
2083,267,4,4,1
2084,277,3,5,0
2085,212,5,5,1
2086,605,6,6,1
2087,125,5,5,1
2088,757,9,9,1
2089,610,8,8,1
2090,606,7,10,0
2091,551,6,6,1
2092,920,7,7,1
2093,497,3,3,1
2094,840,9,9,1
2095,181,4,4,1
2096,978,9,9,1
2097,562,6,6,1
2098,174,5,5,1
2099,798,8,8,1
2100,291,4,9,0
2101,348,4,4,1
2102,634,9,9,1
2103,400,5,8,0
2104,687,6,6,1
2105,234,4,5,0
2106,744,8,8,1
2107,458,3,3,1
2108,686,8,13,0
2109,468,5,5,1
2110,922,6,6,1
2111,917,6,6,1
2112,823,9,9,1
2113,532,9,9,1
2114,239,4,4,1
2115,487,3,3,1
2116,594,6,6,1
2117,524,9,9,1
2118,546,10,10,1
2119,980,9,11,0
2120,416,4,4,1
2121,322,5,5,1
2122,527,6,7,0
2123,164,4,4,1
2124,842,6,6,1
2125,365,4,4,1
2126,224,5,5,1
2127,317,3,3,1
2128,206,4,4,1
2129,218,5,5,1
2130,399,3,3,1
2131,746,7,7,1
2132,130,5,8,0
2133,745,7,7,1
2134,321,5,5,1
2135,803,7,7,1
2136,779,7,7,1
2137,381,5,5,1
2138,778,9,13,0
2139,539,8,10,0
2140,805,6,6,1
2141,557,9,13,0
2142,781,7,10,0
2143,198,4,5,0
2144,720,10,10,1
2145,526,6,6,1
2146,615,6,6,1
2147,562,6,6,1
2148,490,4,4,1
2149,461,3,3,1
2150,322,4,4,1
2151,974,6,6,1
2152,845,7,11,0
2153,242,3,3,1
2154,739,8,8,1
2155,136,3,3,1
2156,382,5,5,1
2157,270,5,5,1
2158,567,9,14,0
2159,683,8,8,1
2160,431,3,3,1
2161,514,7,7,1
2162,378,3,3,1
2163,349,5,5,1
2164,295,3,3,1
2165,443,5,5,1
2166,283,4,4,1
2167,735,6,6,1
2168,988,10,10,1
2169,518,8,8,1
2170,276,4,4,1
2171,466,5,5,1
2172,737,9,9,1
2173,621,6,6,1
2174,919,7,7,1
2175,308,3,3,1
2176,965,8,8,1
2177,180,4,4,1
2178,661,7,7,1
2179,756,7,8,0
2180,351,5,5,1
2181,954,8,13,0
2182,583,8,8,1
2183,635,9,9,1
2184,524,6,6,1
2185,222,4,5,0
2186,310,4,4,1
2187,734,9,9,1
2188,997,9,9,1
2189,731,6,6,1
2190,101,4,4,1
2191,233,4,4,1
2192,251,5,5,1
2193,756,6,6,1
2194,963,7,7,1
2195,693,6,6,1
2196,342,5,10,0
2197,458,5,5,1
2198,263,5,5,1
2199,174,4,4,1
2200,226,4,4,1
2201,201,3,3,1
2202,772,7,7,1
2203,636,10,10,1
2204,591,9,9,1
2205,842,9,12,0
2206,190,4,4,1
2207,475,4,4,1
2208,447,3,3,1
2209,828,9,9,1
2210,306,5,5,1
2211,294,3,3,1
2212,259,3,3,1
2213,498,4,4,1
2214,234,4,4,1
2215,320,5,5,1
2216,185,5,7,0
2217,636,7,9,0
2218,859,8,8,1
2219,918,6,6,1
2220,824,10,10,1
2221,218,3,3,1
2222,518,9,9,1
2223,686,8,8,1
2224,358,3,3,1
2225,423,5,5,1
2226,534,7,7,1
2227,549,7,7,1
2228,206,5,5,1
2229,300,3,3,1
2230,757,7,11,0
2231,945,10,10,1
2232,991,6,6,1
2233,673,6,6,1
2234,763,6,6,1
2235,177,3,3,1
2236,977,6,6,1
2237,679,6,6,1
2238,181,3,3,1
2239,289,5,5,1
2240,411,3,3,1
2241,337,5,5,1
2242,343,5,5,1
2243,360,3,3,1
2244,102,4,4,1
2245,239,3,3,1
2246,598,7,11,0
2247,659,9,14,0
2248,120,5,10,0
2249,606,8,8,1
2250,758,7,7,1
2251,833,7,7,1
2252,490,3,3,1
2253,752,6,6,1
2254,643,10,10,1
2255,459,5,5,1
2256,444,4,5,0
2257,372,3,3,1
2258,585,8,8,1
2259,535,8,8,1
2260,148,3,3,1
2261,144,4,4,1
2262,112,4,4,1
2263,323,5,5,1
2264,551,6,6,1
2265,789,10,10,1
2266,294,4,4,1
2267,144,3,3,1
2268,901,6,6,1
2269,847,7,7,1
2270,132,4,4,1
2271,606,8,8,1
2272,543,6,6,1
2273,311,4,7,0
2274,660,9,9,1
2275,575,9,9,1
2276,901,8,10,0
2277,509,7,7,1
2278,417,3,4,0
2279,540,8,8,1
2280,431,3,3,1
2281,752,8,8,1
2282,257,3,3,1
2283,908,8,13,0
2284,817,10,10,1
2285,726,6,10,0
2286,320,4,4,1
2287,777,6,6,1
2288,604,8,8,1
2289,831,8,8,1
2290,605,8,8,1
2291,549,10,13,0
2292,465,4,4,1
2293,655,10,10,1
2294,421,3,3,1
2295,276,4,4,1
2296,787,10,10,1
2297,671,8,8,1
2298,633,10,10,1
2299,667,10,10,1
2300,349,5,5,1
2301,241,5,5,1
2302,916,6,6,1
2303,759,6,9,0
2304,761,9,9,1
2305,315,4,4,1
2306,459,4,4,1
2307,376,5,5,1
2308,661,8,10,0
2309,327,5,5,1
2310,542,10,10,1
2311,903,9,9,1
2312,249,5,5,1
2313,743,9,13,0
2314,632,6,8,0
2315,524,7,7,1
2316,589,8,8,1
2317,173,4,4,1
2318,389,5,5,1
2319,139,4,4,1
2320,207,5,5,1
2321,527,6,6,1
2322,759,6,9,0
2323,593,10,10,1
2324,400,3,3,1
2325,597,9,9,1
2326,296,5,5,1
2327,197,4,4,1
2328,622,7,7,1
2329,888,6,6,1
2330,465,4,5,0
2331,393,3,8,0
2332,620,10,11,0
2333,227,4,4,1
2334,885,9,9,1
2335,632,9,9,1
2336,349,3,3,1
2337,109,5,5,1
2338,625,6,6,1
2339,304,5,5,1
2340,606,9,9,1
2341,549,8,8,1
2342,621,8,8,1
2343,263,4,4,1
2344,124,5,5,1
2345,957,9,9,1
2346,521,10,10,1
2347,988,6,10,0
2348,656,9,9,1
2349,732,6,6,1
2350,154,4,7,0
2351,459,4,4,1
2352,781,7,12,0
2353,146,5,5,1
2354,537,6,6,1
2355,259,4,4,1
2356,209,5,5,1
2357,453,4,7,0
2358,594,10,10,1
2359,482,5,5,1
2360,655,8,8,1
2361,809,8,8,1
2362,365,5,5,1
2363,881,9,9,1
2364,977,8,8,1
2365,455,3,3,1
2366,829,8,8,1
2367,192,5,10,0
2368,855,6,6,1
2369,970,7,7,1
2370,350,5,5,1
2371,478,4,4,1
2372,438,5,6,0
2373,125,3,3,1
2374,211,4,4,1
2375,800,6,8,0
2376,567,7,7,1
2377,759,9,9,1
2378,599,10,15,0
2379,234,3,3,1
2380,716,7,7,1
2381,371,4,4,1
2382,885,10,10,1
2383,526,9,9,1
2384,951,6,6,1
2385,440,5,10,0
2386,550,7,7,1
2387,486,4,4,1
2388,848,8,8,1
2389,772,7,7,1
2390,120,4,4,1
2391,857,7,7,1
2392,711,9,9,1
2393,866,7,7,1
2394,234,4,4,1
2395,334,3,3,1
2396,556,6,6,1
2397,950,6,6,1
2398,691,7,7,1
2399,445,3,3,1
2400,723,7,7,1
2401,977,9,9,1
2402,628,9,9,1
2403,723,8,8,1
2404,663,9,9,1
2405,743,7,7,1
2406,385,4,4,1
2407,298,3,3,1
2408,573,9,9,1
2409,795,6,8,0
2410,139,4,8,0
2411,872,7,7,1
2412,419,5,5,1
2413,187,4,6,0
2414,514,6,6,1
2415,782,9,9,1
2416,854,9,12,0
2417,812,9,9,1
2418,497,4,4,1
2419,112,3,3,1
2420,857,7,7,1
2421,161,3,5,0
2422,750,8,8,1
2423,927,7,10,0
2424,283,4,4,1
2425,486,5,5,1
2426,259,4,4,1
2427,456,5,5,1
2428,373,5,5,1
2429,971,7,7,1
2430,802,7,7,1
2431,826,8,8,1
2432,762,6,6,1
2433,468,4,4,1
2434,140,4,4,1
2435,362,3,3,1
2436,680,8,9,0
2437,915,8,10,0
2438,890,7,7,1
2439,792,6,6,1
2440,729,7,7,1
2441,450,3,5,0
2442,896,7,7,1
2443,977,8,8,1
2444,785,8,10,0
2445,744,8,8,1
2446,1000,8,11,0
2447,327,5,5,1
2448,672,8,8,1
2449,433,3,3,1
2450,748,6,6,1
2451,967,8,8,1
2452,920,8,8,1
2453,666,9,9,1
2454,370,3,3,1
2455,939,9,9,1
2456,988,10,12,0
2457,331,4,4,1
2458,143,3,3,1
2459,458,4,9,0
2460,843,10,10,1
2461,979,8,8,1
2462,162,4,4,1
2463,410,4,4,1
2464,808,9,9,1
2465,536,10,15,0
2466,399,5,5,1
2467,733,6,8,0
2468,109,4,4,1
2469,661,6,10,0
2470,155,5,5,1
2471,718,7,8,0
2472,982,7,7,1
2473,708,8,9,0
2474,217,4,4,1
2475,462,3,3,1
2476,447,4,4,1
2477,480,4,4,1
2478,606,9,9,1
2479,864,10,10,1
2480,935,10,10,1
2481,182,3,3,1
2482,936,8,8,1
2483,977,10,10,1
2484,282,5,5,1
2485,738,8,8,1
2486,364,4,9,0
2487,538,6,6,1
2488,972,6,7,0
2489,309,3,8,0
2490,646,9,9,1
2491,114,5,5,1
2492,125,4,4,1
2493,168,3,3,1
2494,993,7,7,1
2495,156,5,5,1
2496,608,7,7,1
2497,610,9,9,1
2498,947,10,10,1
2499,985,6,6,1
2500,637,7,7,1
2501,980,7,7,1
2502,913,8,8,1
2503,693,6,6,1
2504,144,5,5,1
2505,547,9,9,1
2506,611,7,7,1
2507,162,5,5,1
2508,497,4,4,1
2509,111,4,4,1
2510,825,8,8,1
2511,921,6,6,1
2512,137,4,4,1
2513,288,4,4,1
2514,697,8,8,1
2515,687,10,10,1
2516,939,8,8,1
2517,276,4,8,0
2518,784,9,9,1
2519,970,7,7,1
2520,904,7,7,1
2521,373,4,4,1
2522,897,9,10,0
2523,287,4,4,1
2524,440,5,5,1
2525,727,8,11,0
2526,839,8,8,1
2527,547,8,9,0
2528,552,6,6,1
2529,809,8,8,1
2530,137,3,3,1
2531,217,5,5,1
2532,575,10,10,1
2533,414,3,6,0
2534,513,8,8,1
2535,308,4,4,1
2536,159,5,5,1
2537,559,7,7,1
2538,499,4,4,1
2539,347,5,5,1
2540,528,7,7,1
2541,848,10,11,0
2542,193,3,3,1
2543,114,3,3,1
2544,958,10,10,1
2545,423,5,5,1
2546,601,10,14,0
2547,762,9,9,1
2548,195,4,4,1
2549,294,4,4,1
2550,620,8,8,1
2551,285,3,3,1
2552,653,9,9,1
2553,414,5,5,1
2554,241,3,8,0
2555,856,8,8,1
2556,351,3,3,1
2557,601,7,7,1
2558,641,6,6,1
2559,360,3,3,1
2560,945,10,10,1
2561,351,3,6,0
2562,232,5,8,0
2563,151,4,5,0
2564,281,5,5,1
2565,849,7,7,1
2566,880,8,8,1
2567,672,7,7,1
2568,258,5,5,1
2569,198,4,4,1
2570,985,8,8,1
2571,753,9,9,1
2572,122,5,5,1
2573,836,8,8,1
2574,484,4,4,1
2575,340,5,5,1
2576,445,5,5,1
2577,618,6,9,0
2578,162,4,4,1
2579,894,9,9,1
2580,314,3,6,0
2581,748,7,7,1
2582,617,6,6,1
2583,957,10,10,1
2584,909,10,10,1
2585,657,8,8,1
2586,104,3,6,0
2587,147,5,5,1
2588,111,4,4,1
2589,164,3,3,1
2590,440,4,4,1
2591,664,7,7,1
2592,710,8,8,1
2593,557,8,8,1
2594,984,8,8,1
2595,614,6,10,0
2596,268,4,4,1
2597,467,3,3,1
2598,802,7,7,1
2599,257,4,4,1
2600,814,9,9,1
2601,109,4,4,1
2602,742,9,9,1
2603,561,6,6,1
2604,140,5,5,1
2605,714,8,12,0
2606,873,7,7,1
2607,446,3,3,1
2608,826,10,10,1
2609,573,6,6,1
2610,152,5,5,1
2611,814,6,6,1
2612,101,4,4,1
2613,653,10,10,1
2614,827,8,8,1
2615,147,5,5,1
2616,546,10,10,1
2617,899,9,9,1
2618,788,10,10,1
2619,409,4,5,0
2620,788,9,9,1
2621,357,4,4,1
2622,599,8,8,1
2623,246,4,4,1
2624,646,8,8,1
2625,811,10,12,0
2626,851,9,9,1
2627,233,4,4,1
2628,375,4,4,1
2629,989,8,8,1
2630,883,9,9,1
2631,638,7,7,1
2632,862,7,7,1
2633,142,4,4,1
2634,269,5,5,1
2635,869,8,8,1
2636,228,3,7,0
2637,266,4,8,0
2638,378,3,3,1
2639,765,10,10,1
2640,375,4,9,0
2641,336,3,3,1
2642,204,5,5,1
2643,578,7,10,0
2644,203,4,4,1
2645,290,5,5,1
2646,258,5,10,0
2647,198,3,3,1
2648,283,4,4,1
2649,382,4,4,1
2650,120,4,4,1
2651,887,10,10,1
2652,779,10,12,0
2653,972,7,7,1
2654,629,9,9,1
2655,618,9,9,1
2656,140,5,5,1
2657,197,3,8,0
2658,946,7,7,1
2659,563,9,9,1
2660,742,9,9,1
2661,730,10,10,1
2662,328,3,3,1
2663,449,5,5,1
2664,669,8,8,1
2665,583,6,6,1
2666,916,10,10,1
2667,258,3,3,1
2668,175,3,4,0
2669,659,9,9,1
2670,633,10,13,0
2671,605,8,8,1
2672,808,9,9,1
2673,244,3,3,1
2674,653,10,10,1
2675,298,4,4,1
2676,890,10,10,1
2677,765,10,10,1
2678,901,7,7,1
2679,894,9,9,1
2680,720,8,10,0
2681,853,9,9,1
2682,988,6,6,1
2683,234,4,4,1
2684,298,3,3,1
2685,363,5,8,0
2686,460,4,4,1
2687,470,4,4,1
2688,934,10,10,1
2689,975,9,9,1
2690,407,5,7,0
2691,711,9,9,1
2692,867,10,12,0
2693,119,3,7,0
2694,369,3,3,1
2695,967,6,6,1
2696,199,4,4,1
2697,838,9,9,1
2698,859,9,9,1
2699,386,3,3,1
2700,911,10,10,1
2701,485,3,3,1
2702,738,6,6,1
2703,154,5,5,1
2704,532,7,7,1
2705,270,3,3,1
2706,902,6,6,1
2707,889,10,10,1
2708,787,7,7,1
2709,523,9,9,1
2710,965,7,7,1
2711,272,3,3,1
2712,562,8,8,1
2713,334,3,3,1
2714,199,5,5,1
2715,928,9,9,1
2716,646,9,9,1
2717,493,5,6,0
2718,711,7,7,1
2719,460,4,4,1
2720,451,4,4,1
2721,263,5,5,1
2722,763,9,9,1
2723,111,3,7,0
2724,672,10,10,1
2725,832,10,10,1
2726,173,4,4,1
2727,384,3,3,1
2728,937,9,9,1
2729,478,3,3,1
2730,994,8,8,1
2731,243,4,4,1
2732,612,7,7,1
2733,229,5,5,1
2734,702,7,7,1
2735,811,7,7,1
2736,572,8,8,1
2737,473,4,4,1
2738,972,8,8,1
2739,115,4,4,1
2740,651,10,10,1
2741,602,6,6,1
2742,535,8,8,1
2743,210,4,7,0
2744,173,3,3,1
2745,651,8,8,1
2746,680,9,9,1
2747,196,4,4,1
2748,680,8,8,1
2749,907,8,8,1
2750,903,6,6,1
2751,627,6,6,1
2752,648,6,6,1
2753,679,7,7,1
2754,977,9,9,1
2755,238,4,4,1
2756,801,8,8,1
2757,810,8,8,1
2758,777,10,10,1
2759,202,5,5,1
2760,345,3,3,1
2761,458,4,4,1
2762,948,8,8,1
2763,442,3,3,1
2764,863,9,9,1
2765,860,9,9,1
2766,734,8,8,1
2767,492,3,3,1
2768,554,6,6,1
2769,892,9,9,1
2770,654,8,8,1
2771,427,5,5,1
2772,358,4,4,1
2773,294,5,5,1
2774,723,8,8,1
2775,211,4,5,0
2776,373,5,5,1
2777,150,3,3,1
2778,679,7,7,1
2779,598,9,9,1
2780,400,3,4,0
2781,267,5,5,1
2782,824,8,9,0
2783,291,5,5,1
2784,245,3,3,1
2785,867,8,8,1
2786,907,8,8,1
2787,786,7,7,1
2788,491,5,5,1
2789,432,4,6,0
2790,216,3,3,1
2791,190,3,3,1
2792,998,10,10,1
2793,683,9,9,1
2794,350,5,5,1
2795,765,7,7,1
2796,821,6,6,1
2797,903,10,10,1
2798,711,6,6,1
2799,482,4,4,1
2800,852,8,13,0
2801,349,3,7,0
2802,298,4,4,1
2803,852,7,7,1
2804,225,3,3,1
2805,883,9,9,1
2806,603,10,15,0
2807,832,8,8,1
2808,928,6,6,1
2809,642,6,6,1
2810,838,7,7,1
2811,673,10,10,1
2812,679,10,10,1
2813,806,9,9,1
2814,771,7,7,1
2815,708,10,10,1
2816,431,4,4,1
2817,731,9,9,1
2818,693,6,6,1
2819,961,8,8,1
2820,786,9,9,1
2821,890,6,6,1
2822,991,6,6,1
2823,864,7,7,1
2824,299,5,5,1
2825,964,7,7,1
2826,842,10,10,1
2827,102,3,4,0
2828,676,8,8,1
2829,159,3,3,1
2830,840,6,6,1
2831,561,9,11,0
2832,921,7,7,1
2833,720,7,8,0
2834,158,3,3,1
2835,975,9,9,1
2836,186,3,3,1
2837,423,3,3,1
2838,999,6,6,1
2839,948,10,10,1
2840,662,7,7,1
2841,311,4,4,1
2842,801,6,11,0
2843,239,5,5,1
2844,997,6,6,1
2845,918,9,9,1
2846,128,3,3,1
2847,153,3,4,0
2848,438,3,3,1
2849,132,5,5,1
2850,226,4,4,1
2851,858,10,10,1
2852,607,10,10,1
2853,355,3,3,1
2854,354,4,4,1
2855,773,7,10,0
2856,648,8,9,0
2857,536,7,7,1
2858,618,6,6,1
2859,418,4,4,1
2860,181,3,3,1
2861,405,5,5,1
2862,510,10,13,0
2863,574,10,10,1
2864,321,3,7,0
2865,269,3,3,1
2866,438,5,5,1
2867,164,3,3,1
2868,635,9,9,1
2869,460,3,4,0
2870,607,6,6,1
2871,809,10,10,1
2872,312,3,3,1
2873,741,6,6,1
2874,975,7,7,1
2875,633,7,8,0
2876,617,10,10,1
2877,108,4,8,0
2878,463,3,3,1
2879,367,4,6,0
2880,686,7,8,0
2881,276,4,4,1
2882,494,3,8,0
2883,971,6,6,1
2884,252,4,4,1
2885,515,7,7,1
2886,868,6,8,0
2887,199,3,3,1
2888,979,6,10,0
2889,124,4,4,1
2890,681,8,8,1
2891,972,9,9,1
2892,721,10,10,1
2893,711,8,8,1
2894,763,9,9,1
2895,326,3,3,1
2896,522,9,9,1
2897,635,8,11,0
2898,207,4,4,1
2899,527,8,8,1
2900,400,3,3,1
2901,111,3,3,1
2902,752,6,7,0
2903,712,7,7,1
2904,997,10,10,1
2905,283,5,5,1
2906,375,5,5,1
2907,104,3,3,1
2908,741,7,12,0
2909,696,8,8,1
2910,592,9,11,0
2911,392,5,9,0
2912,431,5,10,0
2913,339,3,8,0
2914,313,5,5,1
2915,603,7,7,1
2916,730,9,9,1
2917,864,9,9,1
2918,376,3,3,1
2919,537,10,10,1
2920,630,8,8,1
2921,515,9,9,1
2922,640,9,9,1
2923,275,3,8,0
2924,264,4,4,1
2925,101,3,3,1
2926,245,5,5,1
2927,575,9,13,0
2928,276,3,3,1
2929,624,9,9,1
2930,645,8,8,1
2931,946,6,7,0
2932,350,4,4,1
2933,767,6,6,1
2934,486,5,5,1
2935,708,9,10,0
2936,288,5,5,1
2937,375,5,5,1
2938,908,8,8,1
2939,894,7,7,1
2940,582,7,7,1
2941,703,8,8,1
2942,784,9,9,1
2943,384,5,5,1
2944,703,9,9,1
2945,979,10,10,1
2946,554,10,10,1
2947,360,3,3,1
2948,950,6,6,1
2949,831,6,6,1
2950,561,6,6,1
2951,920,8,10,0
2952,257,3,3,1
2953,694,10,11,0
2954,148,3,3,1
2955,394,5,8,0
2956,455,3,3,1
2957,782,10,15,0
2958,856,9,9,1
2959,364,4,4,1
2960,945,10,10,1
2961,981,10,10,1
2962,140,4,6,0
2963,423,5,5,1
2964,745,7,10,0
2965,638,6,6,1
2966,253,4,4,1
2967,147,5,5,1
2968,536,8,8,1
2969,746,10,10,1
2970,621,8,8,1
2971,644,7,7,1
2972,254,4,6,0
2973,623,6,6,1
2974,405,3,6,0
2975,717,7,7,1
2976,509,6,6,1
2977,929,10,10,1
2978,515,8,8,1
2979,436,3,3,1
2980,991,8,12,0
2981,692,7,11,0
2982,549,6,10,0
2983,350,4,4,1
2984,878,8,8,1
2985,355,4,4,1
2986,330,5,5,1
2987,273,3,3,1
2988,801,9,9,1
2989,117,4,6,0
2990,833,7,7,1
2991,100,3,3,1
2992,949,9,9,1
2993,733,6,8,0
2994,451,5,7,0
2995,451,5,5,1
2996,818,9,10,0
2997,189,5,5,1
2998,443,4,4,1
2999,303,4,4,1
3000,372,4,4,1
3001,601,6,8,0
3002,220,3,3,1
3003,964,8,8,1
3004,912,9,9,1
3005,744,6,6,1
3006,364,3,3,1
3007,540,10,12,0
3008,751,8,8,1
3009,575,8,8,1
3010,630,10,10,1
3011,668,8,13,0
3012,844,7,7,1
3013,385,3,5,0
3014,794,9,9,1
3015,443,5,5,1
3016,496,5,5,1
3017,346,3,6,0
3018,471,5,5,1
3019,820,10,10,1
3020,490,3,3,1
3021,706,8,8,1
3022,213,4,4,1
3023,274,5,5,1
3024,754,8,8,1
3025,104,4,4,1
3026,490,4,4,1
3027,687,6,9,0
3028,352,4,4,1
3029,462,3,3,1
3030,270,5,5,1
3031,750,8,8,1
3032,894,10,10,1
3033,396,5,5,1
3034,442,3,3,1
3035,417,4,4,1
3036,645,7,10,0
3037,589,8,8,1
3038,666,6,8,0
3039,561,6,6,1
3040,295,5,5,1
3041,349,3,8,0
3042,207,3,3,1
3043,278,3,3,1
3044,933,7,7,1
3045,814,10,10,1
3046,643,9,10,0
3047,256,4,4,1
3048,140,4,4,1
3049,401,5,5,1
3050,992,6,6,1
3051,320,4,4,1
3052,613,7,11,0
3053,685,8,8,1
3054,400,4,7,0
3055,863,6,6,1
3056,365,4,7,0
3057,221,3,3,1
3058,536,10,10,1
3059,388,3,3,1
3060,766,8,8,1
3061,180,3,3,1
3062,143,5,5,1
3063,630,7,7,1
3064,938,7,7,1
3065,879,8,8,1
3066,616,9,11,0
3067,604,9,9,1
3068,782,10,10,1
3069,984,7,7,1
3070,110,3,3,1
3071,936,8,8,1
3072,924,9,11,0
3073,507,10,10,1
3074,517,10,10,1
3075,868,10,10,1
3076,724,8,13,0
3077,361,3,3,1
3078,943,9,9,1
3079,597,9,9,1
3080,251,4,5,0
3081,520,8,8,1
3082,829,8,8,1
3083,640,10,10,1
3084,265,3,3,1
3085,310,3,3,1
3086,362,3,3,1
3087,852,10,11,0
3088,828,6,6,1
3089,731,10,10,1
3090,417,4,4,1
3091,299,3,8,0
3092,408,5,5,1
3093,498,3,3,1
3094,136,5,5,1
3095,348,3,3,1
3096,239,3,3,1
3097,256,5,5,1
3098,537,7,7,1
3099,305,5,5,1
3100,963,7,7,1
3101,192,5,5,1
3102,947,10,10,1
3103,455,4,4,1
3104,855,8,8,1
3105,360,5,5,1
3106,444,5,5,1
3107,598,6,6,1
3108,943,8,8,1
3109,991,9,9,1
3110,218,5,5,1
3111,147,5,5,1
3112,959,9,9,1
3113,132,3,3,1
3114,941,9,9,1
3115,238,4,4,1
3116,214,4,6,0
3117,890,10,10,1
3118,172,3,3,1
3119,866,7,7,1
3120,973,6,6,1
3121,573,10,10,1
3122,740,10,10,1
3123,635,10,10,1
3124,341,4,5,0
3125,464,5,5,1
3126,214,5,5,1
3127,881,9,9,1
3128,924,9,9,1
3129,136,4,4,1
3130,169,5,5,1
3131,732,10,10,1
3132,415,3,3,1
3133,618,8,8,1
3134,935,8,8,1
3135,956,10,12,0
3136,454,5,5,1
3137,426,4,7,0
3138,491,4,4,1
3139,902,6,6,1
3140,892,9,13,0
3141,790,9,9,1
3142,698,10,10,1
3143,519,7,7,1
3144,404,3,3,1
3145,412,4,4,1
3146,658,8,11,0
3147,130,3,3,1
3148,593,7,7,1
3149,636,10,10,1
3150,920,9,9,1
3151,500,3,3,1
3152,748,9,11,0
3153,762,6,6,1
3154,584,8,8,1
3155,388,3,3,1
3156,315,3,5,0
3157,137,5,7,0
3158,383,5,6,0
3159,724,10,10,1
3160,236,5,5,1
3161,959,9,10,0
3162,587,9,9,1
3163,629,8,8,1
3164,639,8,8,1
3165,791,8,8,1
3166,323,5,5,1
3167,847,8,13,0
3168,875,8,8,1
3169,338,5,5,1
3170,286,3,3,1
3171,619,9,9,1
3172,112,4,4,1
3173,410,5,5,1
3174,621,7,7,1
3175,128,5,5,1
3176,297,5,5,1
3177,172,4,4,1
3178,107,5,5,1
3179,517,10,10,1
3180,785,6,6,1
3181,987,10,10,1
3182,936,8,8,1
3183,993,10,10,1
3184,375,4,4,1
3185,895,6,6,1
3186,327,3,5,0
3187,741,8,10,0
3188,912,7,7,1
3189,769,7,8,0
3190,293,5,5,1
3191,542,7,9,0
3192,465,3,3,1
3193,651,6,6,1
3194,917,6,6,1
3195,366,3,7,0
3196,379,5,5,1
3197,324,5,5,1
3198,336,5,5,1
3199,449,3,5,0
3200,763,8,8,1
3201,881,6,6,1
3202,172,5,5,1
3203,483,5,5,1
3204,311,3,3,1
3205,298,3,5,0
3206,596,9,9,1
3207,333,4,4,1
3208,481,5,7,0
3209,573,9,9,1
3210,190,5,9,0
3211,886,7,7,1
3212,737,9,9,1
3213,122,5,5,1
3214,605,8,8,1
3215,334,5,7,0
3216,112,5,6,0
3217,504,8,8,1
3218,791,9,14,0
3219,458,3,3,1
3220,578,6,6,1
3221,129,3,3,1
3222,527,10,10,1
3223,219,4,7,0
3224,399,3,3,1
3225,797,6,6,1
3226,811,6,6,1
3227,146,3,3,1
3228,980,10,10,1
3229,822,7,7,1
3230,848,8,8,1
3231,857,6,8,0
3232,115,3,5,0
3233,477,3,3,1
3234,317,5,5,1
3235,546,8,8,1
3236,743,6,6,1
3237,127,5,5,1
3238,251,5,6,0
3239,684,6,6,1
3240,374,4,4,1
3241,506,6,6,1
3242,640,10,13,0
3243,581,9,9,1
3244,342,4,6,0
3245,892,9,12,0
3246,653,8,8,1
3247,153,4,4,1
3248,470,5,5,1
3249,992,8,8,1
3250,578,6,6,1
3251,474,5,5,1
3252,579,7,12,0
3253,783,10,10,1
3254,278,5,5,1
3255,718,8,8,1
3256,450,4,4,1
3257,851,8,13,0
3258,746,6,6,1
3259,171,4,4,1
3260,255,3,3,1
3261,287,4,4,1
3262,509,7,7,1
3263,884,10,10,1
3264,188,4,4,1
3265,755,7,7,1
3266,387,5,5,1
3267,406,4,4,1
3268,346,4,4,1
3269,716,8,8,1
3270,619,8,8,1
3271,629,10,10,1
3272,511,6,6,1
3273,1001,8,11,0
3274,216,3,3,1
3275,533,6,6,1
3276,938,7,7,1
3277,160,3,3,1
3278,547,9,9,1
3279,174,3,3,1
3280,531,6,8,0
3281,285,3,3,1
3282,422,3,3,1
3283,102,4,4,1
3284,1000,9,9,1
3285,849,9,9,1
3286,582,9,9,1
3287,815,8,8,1
3288,718,9,9,1
3289,294,3,3,1
3290,127,5,5,1
3291,855,6,6,1
3292,884,6,6,1
3293,302,3,3,1
3294,777,7,7,1
3295,411,3,3,1
3296,275,5,5,1
3297,190,3,3,1
3298,266,3,6,0
3299,967,10,10,1
3300,621,10,10,1
3301,407,4,4,1
3302,696,6,6,1
3303,382,4,4,1
3304,252,3,3,1
3305,202,4,4,1
3306,576,10,10,1
3307,914,9,9,1
3308,161,3,6,0
3309,454,3,3,1
3310,485,4,4,1
3311,310,5,6,0
3312,258,4,4,1
3313,411,5,5,1
3314,984,6,6,1
3315,890,10,13,0
3316,201,3,3,1
3317,819,8,10,0
3318,180,3,3,1
3319,894,10,10,1
3320,284,3,8,0
3321,139,3,3,1
3322,375,4,4,1
3323,633,8,8,1
3324,622,10,10,1
3325,461,5,5,1
3326,308,5,5,1
3327,984,9,9,1
3328,310,4,4,1
3329,568,6,8,0
3330,409,5,5,1
3331,523,7,7,1
3332,609,9,13,0
3333,698,8,8,1
3334,954,8,13,0
3335,708,8,9,0
3336,329,5,5,1
3337,197,5,5,1
3338,313,5,5,1
3339,703,7,7,1
3340,995,9,9,1
3341,875,6,6,1
3342,490,5,9,0
3343,323,4,6,0
3344,316,5,5,1
3345,872,6,6,1
3346,993,6,6,1
3347,948,7,7,1
3348,354,5,6,0
3349,375,5,5,1
3350,206,3,3,1
3351,360,5,7,0
3352,892,9,12,0
3353,571,6,6,1
3354,314,5,7,0
3355,735,8,8,1
3356,696,10,10,1
3357,541,7,7,1
3358,568,6,6,1
3359,118,3,3,1
3360,371,3,4,0
3361,755,9,9,1
3362,951,7,7,1
3363,210,5,5,1
3364,594,10,10,1
3365,151,4,4,1
3366,812,7,7,1
3367,223,5,9,0
3368,594,6,6,1
3369,187,5,5,1
3370,747,10,10,1
3371,828,6,6,1
3372,611,9,9,1
3373,129,5,5,1
3374,879,10,10,1
3375,870,8,9,0
3376,193,5,5,1
3377,666,9,9,1
3378,732,10,10,1
3379,265,4,6,0
3380,191,3,7,0
3381,572,9,9,1
3382,107,3,3,1
3383,757,6,6,1
3384,522,6,6,1
3385,650,10,10,1
3386,427,5,5,1
3387,439,3,6,0
3388,565,10,10,1
3389,583,8,12,0
3390,793,7,7,1
3391,196,3,3,1
3392,705,7,7,1
3393,465,3,3,1
3394,540,9,9,1
3395,234,3,3,1
3396,870,9,9,1
3397,976,8,10,0
3398,454,4,4,1
3399,215,5,5,1
3400,482,3,3,1
3401,895,9,9,1
3402,145,5,5,1
3403,955,9,9,1
3404,836,8,12,0
3405,952,6,6,1
3406,544,10,10,1
3407,272,5,5,1
3408,376,5,8,0
3409,137,5,5,1
3410,214,3,3,1
3411,942,10,10,1
3412,997,7,7,1
3413,547,7,7,1
3414,503,7,7,1
3415,647,6,6,1
3416,147,4,4,1
3417,810,6,6,1
3418,699,9,14,0
3419,938,6,6,1
3420,623,10,10,1
3421,147,4,4,1
3422,246,4,4,1
3423,377,3,3,1
3424,765,10,10,1
3425,274,3,3,1
3426,344,5,5,1
3427,585,10,10,1
3428,197,4,5,0
3429,370,4,4,1
3430,760,8,8,1
3431,991,6,6,1
3432,106,4,4,1
3433,778,9,9,1
3434,203,4,8,0
3435,897,8,8,1
3436,690,9,9,1
3437,927,10,12,0
3438,931,10,10,1
3439,192,3,3,1
3440,938,8,8,1
3441,654,10,10,1
3442,779,9,9,1
3443,433,5,5,1
3444,560,9,13,0
3445,475,3,3,1
3446,904,8,8,1
3447,797,7,7,1
3448,319,3,3,1
3449,631,7,7,1
3450,640,9,9,1
3451,310,5,5,1
3452,853,9,9,1
3453,924,6,6,1
3454,474,4,4,1
3455,896,6,6,1
3456,103,3,3,1
3457,906,6,6,1
3458,906,10,11,0
3459,384,3,3,1
3460,697,9,9,1
3461,804,9,9,1
3462,706,9,9,1
3463,394,5,5,1
3464,915,7,7,1
3465,618,7,7,1
3466,371,3,3,1
3467,874,10,10,1
3468,285,5,5,1
3469,292,3,4,0
3470,701,6,6,1
3471,412,5,5,1
3472,340,4,4,1
3473,489,3,3,1
3474,363,4,4,1
3475,449,3,3,1
3476,898,8,8,1
3477,875,8,8,1
3478,274,5,5,1
3479,926,8,8,1
3480,389,3,3,1
3481,422,3,3,1
3482,605,8,8,1
3483,805,8,12,0
3484,288,4,4,1
3485,341,4,4,1
3486,922,9,9,1
3487,197,3,6,0
3488,401,5,5,1
3489,382,3,3,1
3490,490,5,5,1
3491,537,7,7,1
3492,542,10,10,1
3493,839,8,8,1
3494,148,4,4,1
3495,503,10,10,1
3496,594,9,12,0
3497,163,3,3,1
3498,439,4,4,1
3499,472,4,4,1
3500,193,5,5,1
3501,149,3,3,1
3502,528,9,9,1
3503,127,3,4,0
3504,592,7,10,0
3505,732,10,10,1
3506,184,3,3,1
3507,787,9,9,1
3508,194,5,5,1
3509,935,9,12,0
3510,533,6,6,1
3511,416,3,3,1
3512,369,3,3,1
3513,760,7,7,1
3514,811,8,10,0
3515,283,4,4,1
3516,896,8,8,1
3517,212,4,4,1
3518,648,10,12,0
3519,692,10,10,1
3520,213,3,3,1
3521,811,6,6,1
3522,268,3,3,1
3523,258,5,5,1
3524,873,6,6,1
3525,348,4,4,1
3526,255,5,5,1
3527,721,8,8,1
3528,174,5,5,1
3529,788,7,7,1
3530,966,10,14,0
3531,766,9,9,1
3532,432,4,4,1
3533,628,8,8,1
3534,403,5,5,1
3535,259,5,5,1
3536,764,6,6,1
3537,607,9,9,1
3538,551,6,10,0
3539,732,8,8,1
3540,930,7,7,1
3541,537,9,9,1
3542,195,5,5,1
3543,232,4,4,1
3544,910,7,10,0
3545,832,6,6,1
3546,637,8,8,1
3547,999,8,12,0
3548,826,9,9,1
3549,902,6,6,1
3550,633,9,9,1
3551,665,7,7,1
3552,390,4,4,1
3553,345,5,5,1
3554,741,10,10,1
3555,609,9,9,1
3556,197,5,5,1
3557,570,7,7,1
3558,543,7,7,1
3559,303,5,9,0
3560,718,6,11,0
3561,561,6,6,1
3562,392,5,5,1
3563,972,9,9,1
3564,683,7,8,0
3565,797,6,6,1
3566,963,10,10,1
3567,656,8,8,1
3568,892,6,6,1
3569,326,5,5,1
3570,662,10,10,1
3571,388,5,5,1
3572,708,7,7,1
3573,506,8,8,1
3574,601,10,10,1
3575,954,8,8,1
3576,294,4,4,1
3577,865,10,10,1
3578,647,6,6,1
3579,629,8,8,1
3580,882,6,6,1
3581,827,9,9,1
3582,377,4,9,0
3583,407,5,8,0
3584,915,9,9,1
3585,290,3,3,1
3586,810,7,7,1
3587,861,6,6,1
3588,776,6,6,1
3589,837,9,9,1
3590,963,10,11,0
3591,939,10,10,1
3592,307,5,5,1
3593,503,6,6,1
3594,322,4,4,1
3595,236,3,3,1
3596,827,10,10,1
3597,883,7,7,1
3598,212,4,9,0
3599,898,6,6,1
3600,827,10,13,0
3601,104,4,4,1
3602,861,9,9,1
3603,919,9,14,0
3604,822,6,6,1
3605,252,4,4,1
3606,118,3,3,1
3607,786,7,7,1
3608,293,4,4,1
3609,690,10,10,1
3610,442,5,6,0
3611,428,5,5,1
3612,209,5,5,1
3613,815,9,9,1
3614,221,4,4,1
3615,915,8,8,1
3616,724,7,7,1
3617,112,3,3,1
3618,309,5,8,0
3619,531,6,6,1
3620,607,7,7,1
3621,744,8,8,1
3622,492,4,4,1
3623,858,9,9,1
3624,827,10,14,0
3625,792,7,7,1
3626,204,4,4,1
3627,892,9,9,1
3628,827,9,9,1
3629,842,9,9,1
3630,999,9,9,1
3631,194,4,4,1
3632,121,4,8,0
3633,864,6,6,1
3634,687,10,10,1
3635,647,7,7,1
3636,865,7,7,1
3637,574,8,11,0
3638,809,8,8,1
3639,100,5,5,1
3640,120,4,4,1
3641,132,5,5,1
3642,661,7,7,1
3643,749,6,9,0
3644,413,5,5,1
3645,200,3,3,1
3646,406,3,3,1
3647,384,4,4,1
3648,828,9,12,0
3649,314,3,5,0
3650,762,10,10,1
3651,733,9,14,0
3652,723,9,9,1
3653,342,5,5,1
3654,523,9,9,1
3655,835,7,7,1
3656,544,9,9,1
3657,471,3,3,1
3658,762,7,7,1
3659,523,6,7,0
3660,632,8,8,1
3661,372,3,3,1
3662,126,3,3,1
3663,978,10,10,1
3664,876,10,13,0
3665,775,7,7,1
3666,887,6,6,1
3667,466,3,3,1
3668,775,10,10,1
3669,346,4,4,1
3670,695,7,7,1
3671,662,6,6,1
3672,688,9,9,1
3673,742,9,9,1
3674,759,10,10,1
3675,426,4,4,1
3676,863,10,10,1
3677,799,10,13,0
3678,350,5,5,1
3679,407,5,5,1
3680,663,9,9,1
3681,336,5,5,1
3682,956,6,6,1
3683,696,10,10,1
3684,925,6,6,1
3685,580,6,7,0
3686,841,7,7,1
3687,170,3,3,1
3688,553,7,7,1
3689,629,10,10,1
3690,193,3,3,1
3691,537,9,9,1
3692,854,10,15,0
3693,796,10,10,1
3694,584,9,9,1
3695,207,4,4,1
3696,383,4,4,1
3697,270,4,4,1
3698,662,9,9,1
3699,540,7,7,1
3700,188,5,5,1
3701,638,6,6,1
3702,309,5,5,1
3703,641,10,10,1
3704,630,8,8,1
3705,379,4,4,1
3706,424,3,3,1
3707,996,10,10,1
3708,548,10,12,0
3709,704,10,10,1
3710,242,3,3,1
3711,616,10,10,1
3712,256,3,3,1
3713,273,5,5,1
3714,811,9,9,1
3715,719,8,8,1
3716,279,5,9,0
3717,574,8,8,1
3718,578,10,10,1
3719,112,4,4,1
3720,941,10,10,1
3721,991,6,6,1
3722,229,3,3,1
3723,285,5,5,1
3724,428,4,4,1
3725,206,5,5,1
3726,514,8,11,0
3727,536,6,6,1
3728,329,5,5,1
3729,728,6,9,0
3730,548,8,8,1
3731,566,8,8,1
3732,907,10,10,1
3733,927,6,11,0
3734,946,9,9,1
3735,309,4,4,1
3736,890,9,9,1
3737,669,8,8,1
3738,472,4,5,0
3739,253,5,5,1
3740,947,9,9,1
3741,645,9,9,1
3742,121,3,3,1
3743,575,9,9,1
3744,604,10,15,0
3745,149,3,3,1
3746,596,6,6,1
3747,615,7,7,1
3748,367,4,4,1
3749,679,7,11,0
3750,632,9,9,1
3751,720,8,8,1
3752,874,6,6,1
3753,941,8,8,1
3754,403,4,4,1
3755,875,10,10,1
3756,750,7,7,1
3757,734,6,6,1
3758,674,10,10,1
3759,549,6,6,1
3760,629,7,7,1
3761,485,4,4,1
3762,720,6,6,1
3763,381,3,3,1
3764,795,10,10,1
3765,121,4,4,1
3766,838,6,6,1
3767,458,4,4,1
3768,608,7,7,1
3769,627,8,8,1
3770,215,5,5,1
3771,981,6,6,1
3772,211,3,3,1
3773,435,4,4,1
3774,163,4,4,1
3775,651,6,6,1
3776,879,6,6,1
3777,788,6,6,1
3778,488,5,5,1
3779,265,3,3,1
3780,595,9,9,1
3781,794,8,8,1
3782,173,5,5,1
3783,679,10,10,1
3784,775,8,8,1
3785,532,9,9,1
3786,303,3,5,0
3787,920,8,8,1
3788,238,5,5,1
3789,739,7,7,1
3790,733,10,10,1
3791,330,4,4,1
3792,587,7,7,1
3793,706,7,12,0
3794,735,6,6,1
3795,968,7,7,1
3796,562,10,15,0
3797,305,4,4,1
3798,339,5,5,1
3799,937,10,14,0
3800,570,8,11,0
3801,862,10,10,1
3802,654,10,10,1
3803,621,10,10,1
3804,981,10,10,1
3805,669,10,10,1
3806,762,10,10,1
3807,352,4,4,1
3808,255,5,5,1
3809,481,3,3,1
3810,373,5,6,0
3811,403,3,6,0
3812,490,4,4,1
3813,656,8,8,1
3814,451,5,5,1
3815,959,7,7,1
3816,121,5,5,1
3817,517,7,7,1
3818,845,9,9,1
3819,418,5,5,1
3820,740,10,10,1
3821,268,4,4,1
3822,875,8,8,1
3823,483,3,3,1
3824,255,4,4,1
3825,685,6,6,1
3826,467,3,7,0
3827,361,3,3,1
3828,188,4,4,1
3829,506,6,6,1
3830,226,4,8,0
3831,355,4,4,1
3832,247,3,3,1
3833,888,6,6,1
3834,535,6,6,1
3835,626,10,10,1
3836,719,9,9,1
3837,153,3,3,1
3838,140,5,6,0
3839,974,10,10,1
3840,477,3,4,0
3841,151,5,5,1
3842,764,7,7,1
3843,911,10,13,0
3844,101,4,4,1
3845,514,10,10,1
3846,867,10,12,0
3847,117,4,9,0
3848,608,7,7,1
3849,601,10,10,1
3850,246,3,3,1
3851,289,4,8,0
3852,300,4,8,0
3853,565,7,7,1
3854,779,8,8,1
3855,428,3,3,1
3856,209,5,5,1
3857,835,10,10,1
3858,155,4,8,0
3859,771,9,9,1
3860,916,7,7,1
3861,435,4,4,1
3862,101,3,3,1
3863,772,8,8,1
3864,277,5,5,1
3865,148,3,6,0
3866,854,10,10,1
3867,585,8,8,1
3868,252,3,3,1
3869,987,7,8,0
3870,167,5,5,1
3871,789,10,10,1
3872,343,5,5,1
3873,712,9,9,1
3874,128,3,3,1
3875,529,10,10,1
3876,708,8,8,1
3877,311,5,5,1
3878,113,3,3,1
3879,990,10,10,1
3880,248,3,3,1
3881,118,3,3,1
3882,690,8,12,0
3883,533,7,7,1
3884,172,5,5,1
3885,373,5,5,1
3886,764,8,11,0
3887,511,10,10,1
3888,959,7,7,1
3889,802,9,12,0
3890,509,10,10,1
3891,875,8,8,1
3892,709,6,6,1
3893,201,3,3,1
3894,286,5,5,1
3895,939,9,9,1
3896,994,10,10,1
3897,420,5,5,1
3898,352,3,3,1
3899,101,3,3,1
3900,175,5,5,1
3901,408,5,5,1
3902,235,3,3,1
3903,100,4,4,1
3904,542,6,6,1
3905,855,6,6,1
3906,1001,7,9,0
3907,458,4,4,1
3908,166,3,3,1
3909,473,4,4,1
3910,608,6,11,0
3911,977,6,6,1
3912,861,7,7,1
3913,890,10,10,1
3914,906,8,8,1
3915,270,5,5,1
3916,167,5,5,1
3917,667,8,8,1
3918,270,3,3,1
3919,633,6,11,0
3920,463,5,5,1
3921,517,10,10,1
3922,971,6,6,1
3923,136,5,5,1
3924,263,4,4,1
3925,318,4,8,0
3926,993,7,7,1
3927,371,3,3,1
3928,647,6,6,1
3929,929,7,7,1
3930,517,10,10,1
3931,483,3,3,1
3932,875,10,10,1
3933,626,9,9,1
3934,226,5,5,1
3935,396,3,3,1
3936,552,8,8,1
3937,827,7,7,1
3938,403,4,8,0
3939,229,5,6,0
3940,986,8,8,1
3941,485,4,4,1
3942,196,5,5,1
3943,694,8,13,0
3944,486,5,5,1
3945,103,3,3,1
3946,439,3,3,1
3947,252,5,7,0
3948,510,6,6,1
3949,663,9,13,0
3950,182,4,4,1
3951,719,6,10,0
3952,854,10,10,1
3953,849,9,9,1
3954,214,4,5,0
3955,807,6,6,1
3956,381,4,4,1
3957,159,4,4,1
3958,702,6,6,1
3959,912,6,6,1
3960,513,9,9,1
3961,565,10,10,1
3962,961,9,9,1
3963,824,6,6,1
3964,690,10,10,1
3965,319,4,4,1
3966,962,10,10,1
3967,595,6,6,1
3968,940,10,10,1
3969,436,4,4,1
3970,980,6,6,1
3971,517,8,8,1
3972,996,6,6,1
3973,501,6,6,1
3974,496,3,3,1
3975,290,4,4,1
3976,307,5,5,1
3977,876,7,7,1
3978,108,4,4,1
3979,210,5,5,1
3980,175,4,5,0
3981,667,6,6,1
3982,327,3,3,1
3983,517,10,10,1
3984,954,7,7,1
3985,588,6,6,1
3986,348,4,4,1
3987,138,4,4,1
3988,827,8,9,0
3989,337,4,8,0
3990,865,7,7,1
3991,631,8,8,1
3992,404,5,5,1
3993,765,7,7,1
3994,817,8,8,1
3995,427,5,5,1
3996,222,5,5,1
3997,856,9,10,0
3998,641,7,7,1
3999,293,4,7,0
4000,997,10,14,0
4001,530,6,6,1
4002,564,6,8,0
4003,920,7,11,0
4004,113,4,5,0
4005,838,9,9,1
4006,235,3,3,1
4007,158,3,3,1
4008,109,5,8,0
4009,823,6,6,1
4010,874,7,9,0
4011,208,5,5,1
4012,858,6,6,1
4013,179,3,3,1
4014,672,9,9,1
4015,195,4,4,1
4016,723,8,8,1
4017,219,3,3,1
4018,787,6,6,1
4019,690,10,12,0
4020,979,10,10,1
4021,272,4,4,1
4022,509,8,8,1
4023,301,4,4,1
4024,683,9,9,1
4025,209,3,3,1
4026,863,6,6,1
4027,857,10,10,1
4028,319,4,8,0
4029,366,4,4,1
4030,528,9,9,1
4031,861,7,7,1
4032,750,10,12,0
4033,967,9,9,1
4034,994,9,9,1
4035,299,5,5,1
4036,175,3,3,1
4037,567,8,8,1
4038,985,10,10,1
4039,561,7,7,1
4040,651,9,9,1
4041,240,3,3,1
4042,719,10,12,0
4043,283,5,5,1
4044,934,8,8,1
4045,674,8,8,1
4046,658,7,7,1
4047,549,6,6,1
4048,793,8,8,1
4049,859,9,9,1
4050,836,8,8,1
4051,383,3,3,1
4052,781,6,9,0
4053,395,3,3,1
4054,704,8,10,0
4055,809,9,9,1
4056,263,4,4,1
4057,314,4,4,1
4058,757,8,10,0
4059,525,9,9,1
4060,859,10,10,1
4061,398,5,5,1
4062,544,9,9,1
4063,127,3,3,1
4064,740,10,10,1
4065,312,5,5,1
4066,704,8,8,1
4067,816,8,10,0
4068,806,10,10,1
4069,246,3,3,1
4070,453,3,3,1
4071,118,5,5,1
4072,195,4,4,1
4073,155,3,3,1
4074,700,6,6,1
4075,867,8,8,1
4076,908,8,8,1
4077,566,10,10,1
4078,555,6,11,0
4079,337,5,5,1
4080,644,10,10,1
4081,234,4,6,0
4082,699,10,10,1
4083,652,6,6,1
4084,127,4,4,1
4085,588,7,7,1
4086,643,10,10,1
4087,855,8,8,1
4088,593,6,6,1
4089,344,4,4,1
4090,462,5,5,1
4091,902,10,10,1
4092,479,5,5,1
4093,303,5,5,1
4094,342,3,3,1
4095,783,9,9,1
4096,130,5,5,1
4097,507,9,10,0
4098,816,10,10,1
4099,362,3,3,1
4100,254,4,4,1
4101,611,6,6,1
4102,714,10,10,1
4103,593,9,9,1
4104,286,5,5,1
4105,841,6,6,1
4106,994,9,9,1
4107,466,5,5,1
4108,832,8,8,1
4109,652,10,10,1
4110,236,3,3,1
4111,412,5,9,0
4112,772,9,9,1
4113,720,6,6,1
4114,603,6,6,1
4115,233,5,5,1
4116,747,9,11,0
4117,217,4,7,0
4118,322,3,3,1
4119,573,7,7,1
4120,689,8,8,1
4121,508,10,10,1
4122,172,4,4,1
4123,916,6,6,1
4124,624,9,9,1
4125,584,8,8,1
4126,270,4,4,1
4127,602,9,9,1
4128,657,9,9,1
4129,190,3,3,1
4130,680,6,6,1
4131,692,10,10,1
4132,370,3,3,1
4133,516,8,8,1
4134,853,8,8,1
4135,962,10,10,1
4136,678,9,9,1
4137,571,7,7,1
4138,120,3,3,1
4139,980,7,7,1
4140,602,7,7,1
4141,310,3,3,1
4142,881,10,10,1
4143,400,4,4,1
4144,556,9,9,1
4145,689,9,9,1
4146,261,4,4,1
4147,935,10,10,1
4148,450,4,4,1
4149,164,4,4,1
4150,728,6,11,0
4151,749,9,9,1
4152,374,4,4,1
4153,755,9,9,1
4154,222,4,7,0
4155,412,4,4,1
4156,311,4,4,1
4157,684,9,9,1
4158,290,5,5,1
4159,777,9,12,0
4160,295,3,4,0
4161,725,7,7,1
4162,786,10,10,1
4163,652,10,10,1
4164,818,6,6,1
4165,528,7,7,1
4166,278,5,5,1
4167,248,5,5,1
4168,650,8,8,1
4169,950,10,10,1
4170,489,4,4,1
4171,326,3,3,1
4172,387,5,5,1
4173,608,10,10,1
4174,857,9,9,1
4175,349,4,4,1
4176,831,7,10,0
4177,210,3,3,1
4178,994,8,8,1
4179,524,8,8,1
4180,923,9,9,1
4181,844,10,10,1
4182,989,10,14,0
4183,142,5,5,1
4184,849,8,8,1
4185,672,6,6,1
4186,247,4,4,1
4187,813,8,8,1
4188,572,8,8,1
4189,943,6,8,0
4190,142,5,5,1
4191,256,5,5,1
4192,398,4,6,0
4193,668,9,9,1
4194,229,5,5,1
4195,981,9,9,1
4196,356,3,3,1
4197,733,8,8,1
4198,669,6,6,1
4199,725,10,10,1
4200,451,4,4,1
4201,993,7,7,1
4202,395,4,4,1
4203,257,4,7,0
4204,337,4,4,1
4205,582,8,8,1
4206,535,8,13,0
4207,331,5,5,1
4208,859,10,10,1
4209,215,3,3,1
4210,926,6,6,1
4211,722,8,12,0
4212,928,8,8,1
4213,929,7,7,1
4214,159,4,4,1
4215,418,4,4,1
4216,618,6,6,1
4217,530,8,8,1
4218,862,7,7,1
4219,443,3,7,0
4220,775,9,9,1
4221,227,4,4,1
4222,185,5,5,1
4223,253,4,4,1
4224,804,8,8,1
4225,608,10,10,1
4226,230,4,4,1
4227,164,4,4,1
4228,283,3,3,1
4229,487,5,5,1
4230,738,8,11,0
4231,954,10,10,1
4232,662,6,6,1
4233,338,3,3,1
4234,682,8,9,0
4235,338,3,3,1
4236,490,3,6,0
4237,304,5,5,1
4238,636,7,7,1
4239,292,4,4,1
4240,394,4,4,1
4241,652,7,8,0
4242,787,10,10,1
4243,271,4,4,1
4244,296,5,7,0
4245,613,10,10,1
4246,707,8,8,1
4247,974,10,10,1
4248,282,5,5,1
4249,149,5,9,0
4250,488,5,5,1
4251,998,6,6,1
4252,165,5,6,0
4253,890,7,7,1
4254,913,6,6,1
4255,182,5,5,1
4256,778,6,6,1
4257,517,6,6,1
4258,244,5,5,1
4259,317,4,4,1
4260,249,4,5,0
4261,703,9,9,1
4262,489,5,5,1
4263,946,9,9,1
4264,439,4,4,1
4265,722,10,10,1
4266,607,10,10,1
4267,324,3,3,1
4268,544,6,6,1
4269,713,8,8,1
4270,713,9,9,1
4271,219,5,5,1
4272,873,9,9,1
4273,765,10,10,1
4274,907,6,6,1
4275,497,5,5,1
4276,753,7,7,1
4277,478,4,4,1
4278,961,6,6,1
4279,954,10,10,1
4280,550,10,10,1
4281,870,8,8,1
4282,992,8,8,1
4283,592,10,10,1
4284,694,7,7,1
4285,396,3,3,1
4286,144,3,3,1
4287,661,7,7,1
4288,173,5,8,0
4289,468,5,5,1
4290,255,4,4,1
4291,464,3,3,1
4292,216,5,5,1
4293,292,5,5,1
4294,636,9,9,1
4295,662,7,10,0
4296,416,3,8,0
4297,714,9,9,1
4298,627,10,10,1
4299,180,5,6,0
4300,469,5,10,0
4301,114,5,10,0
4302,263,3,3,1
4303,339,4,4,1
4304,668,7,8,0
4305,898,9,9,1
4306,410,4,4,1
4307,160,3,3,1
4308,998,6,6,1
4309,653,10,10,1
4310,811,7,7,1
4311,563,6,6,1
4312,747,9,9,1
4313,967,6,6,1
4314,789,8,8,1
4315,991,7,7,1
4316,730,8,8,1
4317,757,10,10,1
4318,331,3,3,1
4319,463,5,5,1
4320,625,7,7,1
4321,348,3,3,1
4322,148,4,4,1
4323,337,5,5,1
4324,879,7,7,1
4325,104,3,3,1
4326,944,6,6,1
4327,511,7,7,1
4328,465,3,6,0
4329,643,7,9,0
4330,770,8,8,1
4331,194,5,5,1
4332,772,6,10,0
4333,130,3,3,1
4334,571,8,8,1
4335,411,5,5,1
4336,744,9,9,1
4337,646,6,6,1
4338,577,10,10,1
4339,102,5,5,1
4340,305,4,6,0
4341,947,9,11,0
4342,330,4,7,0
4343,968,8,8,1
4344,684,7,7,1
4345,393,4,4,1
4346,953,9,9,1
4347,302,5,5,1
4348,665,10,10,1
4349,107,3,3,1
4350,455,5,5,1
4351,465,5,8,0
4352,324,5,5,1
4353,930,6,8,0
4354,598,10,11,0
4355,582,6,6,1
4356,411,4,4,1
4357,364,5,5,1
4358,173,5,5,1
4359,842,10,10,1
4360,361,5,5,1
4361,567,10,10,1
4362,829,8,8,1
4363,498,3,6,0
4364,449,4,4,1
4365,828,8,8,1
4366,736,10,10,1
4367,695,7,7,1
4368,658,9,11,0
4369,351,5,5,1
4370,705,7,7,1
4371,981,8,8,1
4372,810,9,9,1
4373,199,4,4,1
4374,854,9,9,1
4375,782,7,7,1
4376,111,5,5,1
4377,878,9,9,1
4378,511,9,9,1
4379,725,7,7,1
4380,299,4,4,1
4381,146,3,3,1
4382,954,10,12,0
4383,270,3,3,1
4384,159,4,4,1
4385,187,4,8,0
4386,179,4,7,0
4387,193,4,4,1
4388,729,8,8,1
4389,499,4,4,1
4390,769,7,7,1
4391,208,4,4,1
4392,117,5,5,1
4393,874,7,7,1
4394,421,4,4,1
4395,1001,9,9,1
4396,783,8,8,1
4397,802,8,8,1
4398,999,10,10,1
4399,967,9,9,1
4400,627,10,10,1
4401,564,7,7,1
4402,277,3,3,1
4403,946,10,10,1
4404,769,6,6,1
4405,542,8,8,1
4406,928,9,9,1
4407,436,5,5,1
4408,976,6,6,1
4409,665,10,10,1
4410,777,7,12,0
4411,414,4,4,1
4412,233,3,3,1
4413,360,3,3,1
4414,969,6,6,1
4415,886,7,7,1
4416,377,5,5,1
4417,791,10,10,1
4418,244,5,5,1
4419,775,7,7,1
4420,508,6,6,1
4421,961,10,10,1
4422,283,3,3,1
4423,659,10,12,0
4424,655,8,8,1
4425,115,3,3,1
4426,697,7,7,1
4427,367,5,8,0
4428,866,6,6,1
4429,655,10,10,1
4430,854,9,9,1
4431,451,3,4,0
4432,337,5,6,0
4433,561,7,7,1
4434,850,7,7,1
4435,217,3,3,1
4436,497,5,5,1
4437,496,5,5,1
4438,737,7,8,0
4439,763,10,10,1
4440,672,9,9,1
4441,645,7,7,1
4442,448,5,5,1
4443,401,4,4,1
4444,330,5,5,1
4445,363,4,4,1
4446,969,8,8,1
4447,847,9,9,1
4448,564,9,9,1
4449,451,4,4,1
4450,775,7,7,1
4451,853,6,10,0
4452,597,6,6,1
4453,913,6,6,1
4454,854,10,10,1
4455,851,8,8,1
4456,810,6,6,1
4457,755,8,8,1
4458,881,9,9,1
4459,410,4,4,1
4460,170,3,3,1
4461,491,4,4,1
4462,824,10,15,0
4463,817,6,9,0
4464,837,10,10,1
4465,193,4,9,0
4466,225,5,5,1
4467,725,10,10,1
4468,957,8,8,1
4469,295,3,3,1
4470,249,4,4,1
4471,699,10,15,0
4472,786,6,6,1
4473,679,6,6,1
4474,302,3,3,1
4475,973,6,11,0
4476,627,9,9,1
4477,235,3,5,0
4478,633,7,7,1
4479,403,5,5,1
4480,364,4,4,1
4481,156,4,4,1
4482,758,8,11,0
4483,311,4,4,1
4484,704,10,10,1
4485,795,7,7,1
4486,825,7,7,1
4487,910,6,6,1
4488,186,3,3,1
4489,986,10,10,1
4490,223,5,5,1
4491,657,10,10,1
4492,179,3,3,1
4493,519,9,9,1
4494,143,4,9,0
4495,768,7,7,1
4496,226,4,8,0
4497,500,4,4,1
4498,965,8,8,1
4499,393,3,3,1
4500,217,3,3,1
4501,319,5,5,1
4502,713,9,9,1
4503,923,10,10,1
4504,920,9,9,1
4505,283,3,3,1
4506,298,3,3,1
4507,327,3,3,1
4508,959,10,10,1
4509,899,7,7,1
4510,736,8,8,1
4511,779,6,8,0
4512,635,8,8,1
4513,477,5,5,1
4514,283,5,6,0
4515,452,5,5,1
4516,462,5,5,1
4517,243,5,5,1
4518,467,3,3,1
4519,147,3,7,0
4520,965,8,8,1
4521,172,5,7,0
4522,934,8,12,0
4523,859,8,8,1
4524,227,5,5,1
4525,411,3,3,1
4526,107,3,5,0
4527,748,9,9,1
4528,251,5,9,0
4529,784,10,10,1
4530,555,6,6,1
4531,383,4,4,1
4532,537,8,8,1
4533,272,5,5,1
4534,456,4,4,1
4535,320,3,3,1
4536,910,9,9,1
4537,940,10,10,1
4538,186,5,5,1
4539,268,4,4,1
4540,420,4,4,1
4541,158,3,3,1
4542,324,4,4,1
4543,850,8,8,1
4544,553,10,10,1
4545,442,5,10,0
4546,315,4,4,1
4547,374,3,3,1
4548,302,5,5,1
4549,823,6,6,1
4550,879,9,9,1
4551,771,9,11,0
4552,586,6,6,1
4553,113,4,4,1
4554,653,6,6,1
4555,926,9,9,1
4556,630,10,10,1
4557,352,5,5,1
4558,891,9,9,1
4559,611,8,8,1
4560,172,4,6,0
4561,665,8,8,1
4562,220,5,5,1
4563,519,9,9,1
4564,527,10,11,0
4565,462,5,5,1
4566,886,6,6,1
4567,565,6,6,1
4568,907,10,10,1
4569,669,7,11,0
4570,452,5,5,1
4571,823,6,6,1
4572,964,9,9,1
4573,691,10,10,1
4574,450,4,4,1
4575,312,3,8,0
4576,297,4,4,1
4577,595,9,9,1
4578,336,5,5,1
4579,317,5,5,1
4580,267,3,3,1
4581,634,6,6,1
4582,347,4,4,1
4583,893,7,7,1
4584,388,5,5,1
4585,363,5,5,1
4586,296,3,3,1
4587,531,8,8,1
4588,352,4,9,0
4589,801,8,8,1
4590,355,5,5,1
4591,965,8,9,0
4592,418,5,5,1
4593,675,9,12,0
4594,162,3,3,1
4595,249,5,5,1
4596,733,7,7,1
4597,336,4,4,1
4598,280,4,4,1
4599,952,10,10,1
4600,730,8,12,0
4601,588,8,9,0
4602,240,4,4,1
4603,160,4,4,1
4604,491,4,8,0
4605,713,6,6,1
4606,219,5,5,1
4607,678,9,9,1
4608,512,10,10,1
4609,963,9,10,0
4610,402,4,4,1
4611,408,5,7,0
4612,527,9,14,0
4613,349,4,4,1
4614,562,10,10,1
4615,557,9,9,1
4616,258,3,3,1
4617,413,3,3,1
4618,925,8,8,1
4619,632,6,6,1
4620,189,4,6,0
4621,207,4,8,0
4622,204,3,3,1
4623,863,10,10,1
4624,508,8,8,1
4625,935,7,7,1
4626,978,6,6,1
4627,724,7,7,1
4628,712,6,6,1
4629,175,5,5,1
4630,932,9,10,0
4631,264,3,3,1
4632,352,3,3,1
4633,384,5,5,1
4634,165,3,6,0
4635,225,5,7,0
4636,237,4,4,1
4637,510,6,6,1
4638,476,5,10,0
4639,675,6,6,1
4640,396,3,3,1
4641,801,10,10,1
4642,395,5,5,1
4643,332,5,5,1
4644,339,3,3,1
4645,275,3,3,1
4646,224,4,4,1
4647,884,7,7,1
4648,110,5,5,1
4649,151,4,4,1
4650,830,8,8,1
4651,690,8,8,1
4652,545,7,7,1
4653,597,6,9,0
4654,517,10,10,1
4655,500,3,3,1
4656,367,5,5,1
4657,936,7,7,1
4658,557,6,7,0
4659,879,9,9,1
4660,171,5,5,1
4661,569,8,8,1
4662,552,8,8,1
4663,560,7,7,1
4664,391,3,3,1
4665,303,3,3,1
4666,349,3,3,1
4667,693,6,6,1
4668,822,9,9,1
4669,771,7,9,0
4670,894,6,6,1
4671,339,5,5,1
4672,946,6,6,1
4673,165,4,4,1
4674,613,6,6,1
4675,743,8,8,1
4676,984,7,9,0
4677,947,8,8,1
4678,261,3,3,1
4679,486,4,4,1
4680,302,3,6,0
4681,926,7,7,1
4682,759,8,8,1
4683,172,4,4,1
4684,379,3,3,1
4685,506,9,9,1
4686,647,10,10,1
4687,586,8,13,0
4688,181,5,5,1
4689,451,3,5,0
4690,941,10,15,0
4691,863,8,9,0
4692,930,8,8,1
4693,878,10,10,1
4694,584,7,7,1
4695,653,7,7,1
4696,483,4,4,1
4697,661,8,8,1
4698,446,3,3,1
4699,381,4,4,1
4700,605,9,9,1
4701,699,10,10,1
4702,226,3,3,1
4703,145,4,4,1
4704,778,7,7,1
4705,305,3,3,1
4706,625,8,8,1
4707,482,3,3,1
4708,504,8,8,1
4709,316,3,6,0
4710,667,8,8,1
4711,672,10,10,1
4712,518,9,9,1
4713,534,10,10,1
4714,121,4,4,1
4715,394,3,3,1
4716,838,7,7,1
4717,233,4,6,0
4718,286,5,5,1
4719,708,10,10,1
4720,723,7,7,1
4721,252,3,3,1
4722,823,9,9,1
4723,581,8,8,1
4724,856,6,6,1
4725,125,5,5,1
4726,997,7,8,0
4727,267,4,4,1
4728,817,9,9,1
4729,585,6,8,0
4730,508,6,7,0
4731,852,8,8,1
4732,342,4,4,1
4733,909,6,6,1
4734,383,4,9,0
4735,494,5,8,0
4736,788,8,8,1
4737,819,8,8,1
4738,223,3,3,1
4739,293,4,7,0
4740,194,3,3,1
4741,564,10,10,1
4742,121,3,3,1
4743,212,5,5,1
4744,931,6,6,1
4745,207,5,5,1
4746,814,9,9,1
4747,685,10,10,1
4748,866,8,8,1
4749,779,8,8,1
4750,499,4,4,1
4751,435,3,3,1
4752,385,4,4,1
4753,110,4,4,1
4754,783,8,8,1
4755,724,10,10,1
4756,200,4,4,1
4757,706,10,10,1
4758,164,4,4,1
4759,685,6,6,1
4760,611,7,10,0
4761,551,7,7,1
4762,458,5,5,1
4763,237,5,5,1
4764,128,3,7,0
4765,870,6,6,1
4766,276,4,4,1
4767,739,6,9,0
4768,894,7,7,1
4769,722,8,8,1
4770,963,7,7,1
4771,158,3,3,1
4772,810,8,8,1
4773,974,9,11,0
4774,514,7,7,1
4775,396,5,5,1
4776,362,3,6,0
4777,195,3,3,1
4778,263,5,5,1
4779,717,8,10,0
4780,470,3,3,1
4781,574,7,7,1
4782,443,3,3,1
4783,947,10,10,1
4784,745,8,8,1
4785,301,5,5,1
4786,877,9,14,0
4787,487,3,3,1
4788,927,7,7,1
4789,523,8,8,1
4790,474,3,4,0
4791,417,3,3,1
4792,997,7,7,1
4793,130,4,8,0
4794,109,4,4,1
4795,237,5,10,0
4796,410,4,4,1
4797,408,3,3,1
4798,513,7,7,1
4799,219,3,3,1
4800,788,9,9,1
4801,614,6,6,1
4802,143,3,3,1
4803,668,7,11,0
4804,129,5,5,1
4805,613,9,9,1
4806,821,9,9,1
4807,937,10,13,0
4808,894,7,7,1
4809,131,3,3,1
4810,114,3,3,1
4811,959,7,7,1
4812,885,6,6,1
4813,188,4,4,1
4814,809,7,7,1
4815,149,4,4,1
4816,139,5,5,1
4817,636,9,9,1
4818,445,4,4,1
4819,717,10,10,1
4820,359,4,4,1
4821,545,7,7,1
4822,931,9,11,0
4823,365,5,5,1
4824,310,4,4,1
4825,207,5,5,1
4826,599,7,7,1
4827,205,5,5,1
4828,747,6,6,1
4829,629,7,7,1
4830,775,9,9,1
4831,424,4,5,0
4832,285,5,5,1
4833,429,3,3,1
4834,496,4,4,1
4835,553,9,13,0
4836,594,10,10,1
4837,483,4,4,1
4838,967,7,7,1
4839,677,9,11,0
4840,793,8,8,1
4841,298,5,5,1
4842,928,10,10,1
4843,961,10,12,0
4844,175,4,4,1
4845,831,6,9,0
4846,889,8,8,1
4847,106,4,4,1
4848,499,4,4,1
4849,326,3,3,1
4850,272,3,8,0
4851,356,5,5,1
4852,308,5,5,1
4853,260,4,9,0
4854,647,8,10,0
4855,751,9,12,0
4856,828,7,7,1
4857,495,3,3,1
4858,650,8,8,1
4859,978,9,9,1
4860,911,9,12,0
4861,387,3,3,1
4862,476,5,10,0
4863,451,4,4,1
4864,358,4,7,0
4865,575,10,10,1
4866,559,8,8,1
4867,886,6,6,1
4868,216,5,5,1
4869,586,7,7,1
4870,384,3,4,0
4871,116,5,9,0
4872,786,8,8,1
4873,452,5,6,0
4874,213,5,9,0
4875,620,7,7,1
4876,671,6,6,1
4877,367,3,3,1
4878,319,3,3,1
4879,515,9,10,0
4880,431,3,3,1
4881,862,9,9,1
4882,758,8,8,1
4883,609,8,8,1
4884,380,5,5,1
4885,255,3,3,1
4886,720,6,6,1
4887,169,4,4,1
4888,379,4,5,0
4889,640,9,9,1
4890,240,3,3,1
4891,903,6,6,1
4892,720,8,8,1
4893,633,6,6,1
4894,797,8,8,1
4895,138,3,3,1
4896,385,5,5,1
4897,144,3,3,1
4898,482,3,6,0
4899,709,7,7,1
4900,626,7,9,0
4901,449,3,6,0
4902,979,7,7,1
4903,528,9,9,1
4904,267,5,5,1
4905,811,8,8,1
4906,880,7,7,1
4907,138,5,5,1
4908,455,3,3,1
4909,411,3,7,0
4910,438,5,8,0
4911,784,6,6,1
4912,980,7,7,1
4913,141,3,3,1
4914,519,10,10,1
4915,972,7,7,1
4916,668,7,7,1
4917,674,10,10,1
4918,972,6,6,1
4919,682,10,10,1
4920,647,7,10,0
4921,460,4,9,0
4922,486,4,6,0
4923,870,10,10,1
4924,725,6,6,1
4925,634,6,6,1
4926,491,4,4,1
4927,587,6,10,0
4928,839,7,7,1
4929,770,7,7,1
4930,276,5,5,1
4931,739,6,6,1
4932,231,4,4,1
4933,513,10,10,1
4934,772,10,10,1
4935,790,9,9,1
4936,114,3,3,1
4937,793,8,8,1
4938,730,7,8,0
4939,187,3,3,1
4940,967,6,6,1
4941,526,8,8,1
4942,986,9,10,0
4943,901,7,7,1
4944,820,7,7,1
4945,212,3,7,0
4946,327,5,6,0
4947,856,10,10,1
4948,309,5,5,1
4949,550,9,11,0
4950,786,6,6,1
4951,465,4,4,1
4952,387,5,5,1
4953,912,8,8,1
4954,441,4,4,1
4955,109,4,4,1
4956,208,3,8,0
4957,171,5,5,1
4958,609,8,8,1
4959,1000,9,9,1
4960,951,9,10,0
4961,380,3,3,1
4962,534,10,10,1
4963,522,7,7,1
4964,556,9,9,1
4965,712,6,6,1
4966,634,7,7,1
4967,175,4,4,1
4968,154,5,8,0
4969,979,7,7,1
4970,928,7,7,1
4971,982,10,10,1
4972,590,9,9,1
4973,345,3,3,1
4974,646,6,6,1
4975,484,3,3,1
4976,447,3,3,1
4977,842,7,9,0
4978,128,5,5,1
4979,707,7,7,1
4980,452,5,5,1
4981,199,4,4,1
4982,828,6,6,1
4983,169,5,5,1
4984,615,10,10,1
4985,834,8,13,0
4986,878,9,9,1
4987,164,3,3,1
4988,341,5,5,1
4989,179,5,5,1
4990,831,9,9,1
4991,734,7,7,1
4992,770,6,7,0
4993,605,6,6,1
4994,254,4,8,0
4995,626,9,9,1
4996,605,9,9,1
4997,875,10,14,0
4998,204,3,3,1
4999,867,10,15,0
